0,AADDRTLLMAGVSHDLRTPLTRIRLATEMMSEQDGYLAESINKDIEECNAIIEQFIDYLR
1,CADDRTLLMAGVSHDLRTPLTRIRLATEMMSEQDGYLAESINKDIEECNAIIEQFIDYLR
2,DADDRTLLMAGVSHDLRTPLTRIRLATEMMSEQDGYLAESINKDIEECNAIIEQFIDYLR
3,EADDRTLLMAGVSHDLRTPLTRIRLATEMMSEQDGYLAESINKDIEECNAIIEQFIDYLR
4,FADDRTLLMAGVSHDLRTPLTRIRLATEMMSEQDGYLAESINKDIEECNAIIEQFIDYLR
5,GADDRTLLMAGVSHDLRTPLTRIRLATEMMSEQDGYLAESINKDIEECNAIIEQFIDYLR
6,HADDRTLLMAGVSHDLRTPLTRIRLATEMMSEQDGYLAESINKDIEECNAIIEQFIDYLR
7,IADDRTLLMAGVSHDLRTPLTRIRLATEMMSEQDGYLAESINKDIEECNAIIEQFIDYLR
8,KADDRTLLMAGVSHDLRTPLTRIRLATEMMSEQDGYLAESINKDIEECNAIIEQFIDYLR
9,LADDRTLLMAGVSHDLRTPLTRIRLATEMMSEQDGYLAESINKDIEECNAIIEQFIDYLR
10,MADDRTLLMAGVSHDLRTPLTRIRLATEMMSEQDGYLAESINKDIEECNAIIEQFIDYLR
11,NADDRTLLMAGVSHDLRTPLTRIRLATEMMSEQDGYLAESINKDIEECNAIIEQFIDYLR
12,PADDRTLLMAGVSHDLRTPLTRIRLATEMMSEQDGYLAESINKDIEECNAIIEQFIDYLR
13,QADDRTLLMAGVSHDLRTPLTRIRLATEMMSEQDGYLAESINKDIEECNAIIEQFIDYLR
14,RADDRTLLMAGVSHDLRTPLTRIRLATEMMSEQDGYLAESINKDIEECNAIIEQFIDYLR
15,SADDRTLLMAGVSHDLRTPLTRIRLATEMMSEQDGYLAESINKDIEECNAIIEQFIDYLR
16,TADDRTLLMAGVSHDLRTPLTRIRLATEMMSEQDGYLAESINKDIEECNAIIEQFIDYLR
17,VADDRTLLMAGVSHDLRTPLTRIRLATEMMSEQDGYLAESINKDIEECNAIIEQFIDYLR
18,WADDRTLLMAGVSHDLRTPLTRIRLATEMMSEQDGYLAESINKDIEECNAIIEQFIDYLR
19,YADDRTLLMAGVSHDLRTPLTRIRLATEMMSEQDGYLAESINKDIEECNAIIEQFIDYLR
20,*ADDRTLLMAGVSHDLRTPLTRIRLATEMMSEQDGYLAESINKDIEECNAIIEQFIDYLR
21,LCDDRTLLMAGVSHDLRTPLTRIRLATEMMSEQDGYLAESINKDIEECNAIIEQFIDYLR
22,LDDDRTLLMAGVSHDLRTPLTRIRLATEMMSEQDGYLAESINKDIEECNAIIEQFIDYLR
23,LEDDRTLLMAGVSHDLRTPLTRIRLATEMMSEQDGYLAESINKDIEECNAIIEQFIDYLR
24,LFDDRTLLMAGVSHDLRTPLTRIRLATEMMSEQDGYLAESINKDIEECNAIIEQFIDYLR
25,LGDDRTLLMAGVSHDLRTPLTRIRLATEMMSEQDGYLAESINKDIEECNAIIEQFIDYLR
26,LHDDRTLLMAGVSHDLRTPLTRIRLATEMMSEQDGYLAESINKDIEECNAIIEQFIDYLR
27,LIDDRTLLMAGVSHDLRTPLTRIRLATEMMSEQDGYLAESINKDIEECNAIIEQFIDYLR
28,LKDDRTLLMAGVSHDLRTPLTRIRLATEMMSEQDGYLAESINKDIEECNAIIEQFIDYLR
29,LLDDRTLLMAGVSHDLRTPLTRIRLATEMMSEQDGYLAESINKDIEECNAIIEQFIDYLR
30,LMDDRTLLMAGVSHDLRTPLTRIRLATEMMSEQDGYLAESINKDIEECNAIIEQFIDYLR
31,LNDDRTLLMAGVSHDLRTPLTRIRLATEMMSEQDGYLAESINKDIEECNAIIEQFIDYLR
32,LPDDRTLLMAGVSHDLRTPLTRIRLATEMMSEQDGYLAESINKDIEECNAIIEQFIDYLR
33,LQDDRTLLMAGVSHDLRTPLTRIRLATEMMSEQDGYLAESINKDIEECNAIIEQFIDYLR
34,LRDDRTLLMAGVSHDLRTPLTRIRLATEMMSEQDGYLAESINKDIEECNAIIEQFIDYLR
35,LSDDRTLLMAGVSHDLRTPLTRIRLATEMMSEQDGYLAESINKDIEECNAIIEQFIDYLR
36,LTDDRTLLMAGVSHDLRTPLTRIRLATEMMSEQDGYLAESINKDIEECNAIIEQFIDYLR
37,LVDDRTLLMAGVSHDLRTPLTRIRLATEMMSEQDGYLAESINKDIEECNAIIEQFIDYLR
38,LWDDRTLLMAGVSHDLRTPLTRIRLATEMMSEQDGYLAESINKDIEECNAIIEQFIDYLR
39,LYDDRTLLMAGVSHDLRTPLTRIRLATEMMSEQDGYLAESINKDIEECNAIIEQFIDYLR
40,L*DDRTLLMAGVSHDLRTPLTRIRLATEMMSEQDGYLAESINKDIEECNAIIEQFIDYLR
41,LAADRTLLMAGVSHDLRTPLTRIRLATEMMSEQDGYLAESINKDIEECNAIIEQFIDYLR
42,LACDRTLLMAGVSHDLRTPLTRIRLATEMMSEQDGYLAESINKDIEECNAIIEQFIDYLR
43,LAEDRTLLMAGVSHDLRTPLTRIRLATEMMSEQDGYLAESINKDIEECNAIIEQFIDYLR
44,LAFDRTLLMAGVSHDLRTPLTRIRLATEMMSEQDGYLAESINKDIEECNAIIEQFIDYLR
45,LAGDRTLLMAGVSHDLRTPLTRIRLATEMMSEQDGYLAESINKDIEECNAIIEQFIDYLR
46,LAHDRTLLMAGVSHDLRTPLTRIRLATEMMSEQDGYLAESINKDIEECNAIIEQFIDYLR
47,LAIDRTLLMAGVSHDLRTPLTRIRLATEMMSEQDGYLAESINKDIEECNAIIEQFIDYLR
48,LAKDRTLLMAGVSHDLRTPLTRIRLATEMMSEQDGYLAESINKDIEECNAIIEQFIDYLR
49,LALDRTLLMAGVSHDLRTPLTRIRLATEMMSEQDGYLAESINKDIEECNAIIEQFIDYLR
50,LAMDRTLLMAGVSHDLRTPLTRIRLATEMMSEQDGYLAESINKDIEECNAIIEQFIDYLR
51,LANDRTLLMAGVSHDLRTPLTRIRLATEMMSEQDGYLAESINKDIEECNAIIEQFIDYLR
52,LAPDRTLLMAGVSHDLRTPLTRIRLATEMMSEQDGYLAESINKDIEECNAIIEQFIDYLR
53,LAQDRTLLMAGVSHDLRTPLTRIRLATEMMSEQDGYLAESINKDIEECNAIIEQFIDYLR
54,LARDRTLLMAGVSHDLRTPLTRIRLATEMMSEQDGYLAESINKDIEECNAIIEQFIDYLR
55,LASDRTLLMAGVSHDLRTPLTRIRLATEMMSEQDGYLAESINKDIEECNAIIEQFIDYLR
56,LATDRTLLMAGVSHDLRTPLTRIRLATEMMSEQDGYLAESINKDIEECNAIIEQFIDYLR
57,LAVDRTLLMAGVSHDLRTPLTRIRLATEMMSEQDGYLAESINKDIEECNAIIEQFIDYLR
58,LAWDRTLLMAGVSHDLRTPLTRIRLATEMMSEQDGYLAESINKDIEECNAIIEQFIDYLR
59,LAYDRTLLMAGVSHDLRTPLTRIRLATEMMSEQDGYLAESINKDIEECNAIIEQFIDYLR
60,LA*DRTLLMAGVSHDLRTPLTRIRLATEMMSEQDGYLAESINKDIEECNAIIEQFIDYLR
61,LADARTLLMAGVSHDLRTPLTRIRLATEMMSEQDGYLAESINKDIEECNAIIEQFIDYLR
62,LADCRTLLMAGVSHDLRTPLTRIRLATEMMSEQDGYLAESINKDIEECNAIIEQFIDYLR
63,LADERTLLMAGVSHDLRTPLTRIRLATEMMSEQDGYLAESINKDIEECNAIIEQFIDYLR
64,LADFRTLLMAGVSHDLRTPLTRIRLATEMMSEQDGYLAESINKDIEECNAIIEQFIDYLR
65,LADGRTLLMAGVSHDLRTPLTRIRLATEMMSEQDGYLAESINKDIEECNAIIEQFIDYLR
66,LADHRTLLMAGVSHDLRTPLTRIRLATEMMSEQDGYLAESINKDIEECNAIIEQFIDYLR
67,LADIRTLLMAGVSHDLRTPLTRIRLATEMMSEQDGYLAESINKDIEECNAIIEQFIDYLR
68,LADKRTLLMAGVSHDLRTPLTRIRLATEMMSEQDGYLAESINKDIEECNAIIEQFIDYLR
69,LADLRTLLMAGVSHDLRTPLTRIRLATEMMSEQDGYLAESINKDIEECNAIIEQFIDYLR
70,LADMRTLLMAGVSHDLRTPLTRIRLATEMMSEQDGYLAESINKDIEECNAIIEQFIDYLR
71,LADNRTLLMAGVSHDLRTPLTRIRLATEMMSEQDGYLAESINKDIEECNAIIEQFIDYLR
72,LADPRTLLMAGVSHDLRTPLTRIRLATEMMSEQDGYLAESINKDIEECNAIIEQFIDYLR
73,LADQRTLLMAGVSHDLRTPLTRIRLATEMMSEQDGYLAESINKDIEECNAIIEQFIDYLR
74,LADRRTLLMAGVSHDLRTPLTRIRLATEMMSEQDGYLAESINKDIEECNAIIEQFIDYLR
75,LADSRTLLMAGVSHDLRTPLTRIRLATEMMSEQDGYLAESINKDIEECNAIIEQFIDYLR
76,LADTRTLLMAGVSHDLRTPLTRIRLATEMMSEQDGYLAESINKDIEECNAIIEQFIDYLR
77,LADVRTLLMAGVSHDLRTPLTRIRLATEMMSEQDGYLAESINKDIEECNAIIEQFIDYLR
78,LADWRTLLMAGVSHDLRTPLTRIRLATEMMSEQDGYLAESINKDIEECNAIIEQFIDYLR
79,LADYRTLLMAGVSHDLRTPLTRIRLATEMMSEQDGYLAESINKDIEECNAIIEQFIDYLR
80,LAD*RTLLMAGVSHDLRTPLTRIRLATEMMSEQDGYLAESINKDIEECNAIIEQFIDYLR
81,LADDATLLMAGVSHDLRTPLTRIRLATEMMSEQDGYLAESINKDIEECNAIIEQFIDYLR
82,LADDCTLLMAGVSHDLRTPLTRIRLATEMMSEQDGYLAESINKDIEECNAIIEQFIDYLR
83,LADDDTLLMAGVSHDLRTPLTRIRLATEMMSEQDGYLAESINKDIEECNAIIEQFIDYLR
84,LADDETLLMAGVSHDLRTPLTRIRLATEMMSEQDGYLAESINKDIEECNAIIEQFIDYLR
85,LADDFTLLMAGVSHDLRTPLTRIRLATEMMSEQDGYLAESINKDIEECNAIIEQFIDYLR
86,LADDGTLLMAGVSHDLRTPLTRIRLATEMMSEQDGYLAESINKDIEECNAIIEQFIDYLR
87,LADDHTLLMAGVSHDLRTPLTRIRLATEMMSEQDGYLAESINKDIEECNAIIEQFIDYLR
88,LADDITLLMAGVSHDLRTPLTRIRLATEMMSEQDGYLAESINKDIEECNAIIEQFIDYLR
89,LADDKTLLMAGVSHDLRTPLTRIRLATEMMSEQDGYLAESINKDIEECNAIIEQFIDYLR
90,LADDLTLLMAGVSHDLRTPLTRIRLATEMMSEQDGYLAESINKDIEECNAIIEQFIDYLR
91,LADDMTLLMAGVSHDLRTPLTRIRLATEMMSEQDGYLAESINKDIEECNAIIEQFIDYLR
92,LADDNTLLMAGVSHDLRTPLTRIRLATEMMSEQDGYLAESINKDIEECNAIIEQFIDYLR
93,LADDPTLLMAGVSHDLRTPLTRIRLATEMMSEQDGYLAESINKDIEECNAIIEQFIDYLR
94,LADDQTLLMAGVSHDLRTPLTRIRLATEMMSEQDGYLAESINKDIEECNAIIEQFIDYLR
95,LADDSTLLMAGVSHDLRTPLTRIRLATEMMSEQDGYLAESINKDIEECNAIIEQFIDYLR
96,LADDTTLLMAGVSHDLRTPLTRIRLATEMMSEQDGYLAESINKDIEECNAIIEQFIDYLR
97,LADDVTLLMAGVSHDLRTPLTRIRLATEMMSEQDGYLAESINKDIEECNAIIEQFIDYLR
98,LADDWTLLMAGVSHDLRTPLTRIRLATEMMSEQDGYLAESINKDIEECNAIIEQFIDYLR
99,LADDYTLLMAGVSHDLRTPLTRIRLATEMMSEQDGYLAESINKDIEECNAIIEQFIDYLR
100,LADD*TLLMAGVSHDLRTPLTRIRLATEMMSEQDGYLAESINKDIEECNAIIEQFIDYLR
101,LADDRALLMAGVSHDLRTPLTRIRLATEMMSEQDGYLAESINKDIEECNAIIEQFIDYLR
102,LADDRCLLMAGVSHDLRTPLTRIRLATEMMSEQDGYLAESINKDIEECNAIIEQFIDYLR
103,LADDRDLLMAGVSHDLRTPLTRIRLATEMMSEQDGYLAESINKDIEECNAIIEQFIDYLR
104,LADDRELLMAGVSHDLRTPLTRIRLATEMMSEQDGYLAESINKDIEECNAIIEQFIDYLR
105,LADDRFLLMAGVSHDLRTPLTRIRLATEMMSEQDGYLAESINKDIEECNAIIEQFIDYLR
106,LADDRGLLMAGVSHDLRTPLTRIRLATEMMSEQDGYLAESINKDIEECNAIIEQFIDYLR
107,LADDRHLLMAGVSHDLRTPLTRIRLATEMMSEQDGYLAESINKDIEECNAIIEQFIDYLR
108,LADDRILLMAGVSHDLRTPLTRIRLATEMMSEQDGYLAESINKDIEECNAIIEQFIDYLR
109,LADDRKLLMAGVSHDLRTPLTRIRLATEMMSEQDGYLAESINKDIEECNAIIEQFIDYLR
110,LADDRLLLMAGVSHDLRTPLTRIRLATEMMSEQDGYLAESINKDIEECNAIIEQFIDYLR
111,LADDRMLLMAGVSHDLRTPLTRIRLATEMMSEQDGYLAESINKDIEECNAIIEQFIDYLR
112,LADDRNLLMAGVSHDLRTPLTRIRLATEMMSEQDGYLAESINKDIEECNAIIEQFIDYLR
113,LADDRPLLMAGVSHDLRTPLTRIRLATEMMSEQDGYLAESINKDIEECNAIIEQFIDYLR
114,LADDRQLLMAGVSHDLRTPLTRIRLATEMMSEQDGYLAESINKDIEECNAIIEQFIDYLR
115,LADDRRLLMAGVSHDLRTPLTRIRLATEMMSEQDGYLAESINKDIEECNAIIEQFIDYLR
116,LADDRSLLMAGVSHDLRTPLTRIRLATEMMSEQDGYLAESINKDIEECNAIIEQFIDYLR
117,LADDRVLLMAGVSHDLRTPLTRIRLATEMMSEQDGYLAESINKDIEECNAIIEQFIDYLR
118,LADDRWLLMAGVSHDLRTPLTRIRLATEMMSEQDGYLAESINKDIEECNAIIEQFIDYLR
119,LADDRYLLMAGVSHDLRTPLTRIRLATEMMSEQDGYLAESINKDIEECNAIIEQFIDYLR
120,LADDR*LLMAGVSHDLRTPLTRIRLATEMMSEQDGYLAESINKDIEECNAIIEQFIDYLR
121,LADDRTALMAGVSHDLRTPLTRIRLATEMMSEQDGYLAESINKDIEECNAIIEQFIDYLR
122,LADDRTCLMAGVSHDLRTPLTRIRLATEMMSEQDGYLAESINKDIEECNAIIEQFIDYLR
123,LADDRTDLMAGVSHDLRTPLTRIRLATEMMSEQDGYLAESINKDIEECNAIIEQFIDYLR
124,LADDRTELMAGVSHDLRTPLTRIRLATEMMSEQDGYLAESINKDIEECNAIIEQFIDYLR
125,LADDRTFLMAGVSHDLRTPLTRIRLATEMMSEQDGYLAESINKDIEECNAIIEQFIDYLR
126,LADDRTGLMAGVSHDLRTPLTRIRLATEMMSEQDGYLAESINKDIEECNAIIEQFIDYLR
127,LADDRTHLMAGVSHDLRTPLTRIRLATEMMSEQDGYLAESINKDIEECNAIIEQFIDYLR
128,LADDRTILMAGVSHDLRTPLTRIRLATEMMSEQDGYLAESINKDIEECNAIIEQFIDYLR
129,LADDRTKLMAGVSHDLRTPLTRIRLATEMMSEQDGYLAESINKDIEECNAIIEQFIDYLR
130,LADDRTMLMAGVSHDLRTPLTRIRLATEMMSEQDGYLAESINKDIEECNAIIEQFIDYLR
131,LADDRTNLMAGVSHDLRTPLTRIRLATEMMSEQDGYLAESINKDIEECNAIIEQFIDYLR
132,LADDRTPLMAGVSHDLRTPLTRIRLATEMMSEQDGYLAESINKDIEECNAIIEQFIDYLR
133,LADDRTQLMAGVSHDLRTPLTRIRLATEMMSEQDGYLAESINKDIEECNAIIEQFIDYLR
134,LADDRTRLMAGVSHDLRTPLTRIRLATEMMSEQDGYLAESINKDIEECNAIIEQFIDYLR
135,LADDRTSLMAGVSHDLRTPLTRIRLATEMMSEQDGYLAESINKDIEECNAIIEQFIDYLR
136,LADDRTTLMAGVSHDLRTPLTRIRLATEMMSEQDGYLAESINKDIEECNAIIEQFIDYLR
137,LADDRTVLMAGVSHDLRTPLTRIRLATEMMSEQDGYLAESINKDIEECNAIIEQFIDYLR
138,LADDRTWLMAGVSHDLRTPLTRIRLATEMMSEQDGYLAESINKDIEECNAIIEQFIDYLR
139,LADDRTYLMAGVSHDLRTPLTRIRLATEMMSEQDGYLAESINKDIEECNAIIEQFIDYLR
140,LADDRT*LMAGVSHDLRTPLTRIRLATEMMSEQDGYLAESINKDIEECNAIIEQFIDYLR
141,LADDRTLAMAGVSHDLRTPLTRIRLATEMMSEQDGYLAESINKDIEECNAIIEQFIDYLR
142,LADDRTLCMAGVSHDLRTPLTRIRLATEMMSEQDGYLAESINKDIEECNAIIEQFIDYLR
143,LADDRTLDMAGVSHDLRTPLTRIRLATEMMSEQDGYLAESINKDIEECNAIIEQFIDYLR
144,LADDRTLEMAGVSHDLRTPLTRIRLATEMMSEQDGYLAESINKDIEECNAIIEQFIDYLR
145,LADDRTLFMAGVSHDLRTPLTRIRLATEMMSEQDGYLAESINKDIEECNAIIEQFIDYLR
146,LADDRTLGMAGVSHDLRTPLTRIRLATEMMSEQDGYLAESINKDIEECNAIIEQFIDYLR
147,LADDRTLHMAGVSHDLRTPLTRIRLATEMMSEQDGYLAESINKDIEECNAIIEQFIDYLR
148,LADDRTLIMAGVSHDLRTPLTRIRLATEMMSEQDGYLAESINKDIEECNAIIEQFIDYLR
149,LADDRTLKMAGVSHDLRTPLTRIRLATEMMSEQDGYLAESINKDIEECNAIIEQFIDYLR
150,LADDRTLMMAGVSHDLRTPLTRIRLATEMMSEQDGYLAESINKDIEECNAIIEQFIDYLR
151,LADDRTLNMAGVSHDLRTPLTRIRLATEMMSEQDGYLAESINKDIEECNAIIEQFIDYLR
152,LADDRTLPMAGVSHDLRTPLTRIRLATEMMSEQDGYLAESINKDIEECNAIIEQFIDYLR
153,LADDRTLQMAGVSHDLRTPLTRIRLATEMMSEQDGYLAESINKDIEECNAIIEQFIDYLR
154,LADDRTLRMAGVSHDLRTPLTRIRLATEMMSEQDGYLAESINKDIEECNAIIEQFIDYLR
155,LADDRTLSMAGVSHDLRTPLTRIRLATEMMSEQDGYLAESINKDIEECNAIIEQFIDYLR
156,LADDRTLTMAGVSHDLRTPLTRIRLATEMMSEQDGYLAESINKDIEECNAIIEQFIDYLR
157,LADDRTLVMAGVSHDLRTPLTRIRLATEMMSEQDGYLAESINKDIEECNAIIEQFIDYLR
158,LADDRTLWMAGVSHDLRTPLTRIRLATEMMSEQDGYLAESINKDIEECNAIIEQFIDYLR
159,LADDRTLYMAGVSHDLRTPLTRIRLATEMMSEQDGYLAESINKDIEECNAIIEQFIDYLR
160,LADDRTL*MAGVSHDLRTPLTRIRLATEMMSEQDGYLAESINKDIEECNAIIEQFIDYLR
161,LADDRTLLAAGVSHDLRTPLTRIRLATEMMSEQDGYLAESINKDIEECNAIIEQFIDYLR
162,LADDRTLLCAGVSHDLRTPLTRIRLATEMMSEQDGYLAESINKDIEECNAIIEQFIDYLR
163,LADDRTLLDAGVSHDLRTPLTRIRLATEMMSEQDGYLAESINKDIEECNAIIEQFIDYLR
164,LADDRTLLEAGVSHDLRTPLTRIRLATEMMSEQDGYLAESINKDIEECNAIIEQFIDYLR
165,LADDRTLLFAGVSHDLRTPLTRIRLATEMMSEQDGYLAESINKDIEECNAIIEQFIDYLR
166,LADDRTLLGAGVSHDLRTPLTRIRLATEMMSEQDGYLAESINKDIEECNAIIEQFIDYLR
167,LADDRTLLHAGVSHDLRTPLTRIRLATEMMSEQDGYLAESINKDIEECNAIIEQFIDYLR
168,LADDRTLLIAGVSHDLRTPLTRIRLATEMMSEQDGYLAESINKDIEECNAIIEQFIDYLR
169,LADDRTLLKAGVSHDLRTPLTRIRLATEMMSEQDGYLAESINKDIEECNAIIEQFIDYLR
170,LADDRTLLLAGVSHDLRTPLTRIRLATEMMSEQDGYLAESINKDIEECNAIIEQFIDYLR
171,LADDRTLLNAGVSHDLRTPLTRIRLATEMMSEQDGYLAESINKDIEECNAIIEQFIDYLR
172,LADDRTLLPAGVSHDLRTPLTRIRLATEMMSEQDGYLAESINKDIEECNAIIEQFIDYLR
173,LADDRTLLQAGVSHDLRTPLTRIRLATEMMSEQDGYLAESINKDIEECNAIIEQFIDYLR
174,LADDRTLLRAGVSHDLRTPLTRIRLATEMMSEQDGYLAESINKDIEECNAIIEQFIDYLR
175,LADDRTLLSAGVSHDLRTPLTRIRLATEMMSEQDGYLAESINKDIEECNAIIEQFIDYLR
176,LADDRTLLTAGVSHDLRTPLTRIRLATEMMSEQDGYLAESINKDIEECNAIIEQFIDYLR
177,LADDRTLLVAGVSHDLRTPLTRIRLATEMMSEQDGYLAESINKDIEECNAIIEQFIDYLR
178,LADDRTLLWAGVSHDLRTPLTRIRLATEMMSEQDGYLAESINKDIEECNAIIEQFIDYLR
179,LADDRTLLYAGVSHDLRTPLTRIRLATEMMSEQDGYLAESINKDIEECNAIIEQFIDYLR
180,LADDRTLL*AGVSHDLRTPLTRIRLATEMMSEQDGYLAESINKDIEECNAIIEQFIDYLR
181,LADDRTLLMCGVSHDLRTPLTRIRLATEMMSEQDGYLAESINKDIEECNAIIEQFIDYLR
182,LADDRTLLMDGVSHDLRTPLTRIRLATEMMSEQDGYLAESINKDIEECNAIIEQFIDYLR
183,LADDRTLLMEGVSHDLRTPLTRIRLATEMMSEQDGYLAESINKDIEECNAIIEQFIDYLR
184,LADDRTLLMFGVSHDLRTPLTRIRLATEMMSEQDGYLAESINKDIEECNAIIEQFIDYLR
185,LADDRTLLMGGVSHDLRTPLTRIRLATEMMSEQDGYLAESINKDIEECNAIIEQFIDYLR
186,LADDRTLLMHGVSHDLRTPLTRIRLATEMMSEQDGYLAESINKDIEECNAIIEQFIDYLR
187,LADDRTLLMIGVSHDLRTPLTRIRLATEMMSEQDGYLAESINKDIEECNAIIEQFIDYLR
188,LADDRTLLMKGVSHDLRTPLTRIRLATEMMSEQDGYLAESINKDIEECNAIIEQFIDYLR
189,LADDRTLLMLGVSHDLRTPLTRIRLATEMMSEQDGYLAESINKDIEECNAIIEQFIDYLR
190,LADDRTLLMMGVSHDLRTPLTRIRLATEMMSEQDGYLAESINKDIEECNAIIEQFIDYLR
191,LADDRTLLMNGVSHDLRTPLTRIRLATEMMSEQDGYLAESINKDIEECNAIIEQFIDYLR
192,LADDRTLLMPGVSHDLRTPLTRIRLATEMMSEQDGYLAESINKDIEECNAIIEQFIDYLR
193,LADDRTLLMQGVSHDLRTPLTRIRLATEMMSEQDGYLAESINKDIEECNAIIEQFIDYLR
194,LADDRTLLMRGVSHDLRTPLTRIRLATEMMSEQDGYLAESINKDIEECNAIIEQFIDYLR
195,LADDRTLLMSGVSHDLRTPLTRIRLATEMMSEQDGYLAESINKDIEECNAIIEQFIDYLR
196,LADDRTLLMTGVSHDLRTPLTRIRLATEMMSEQDGYLAESINKDIEECNAIIEQFIDYLR
197,LADDRTLLMVGVSHDLRTPLTRIRLATEMMSEQDGYLAESINKDIEECNAIIEQFIDYLR
198,LADDRTLLMWGVSHDLRTPLTRIRLATEMMSEQDGYLAESINKDIEECNAIIEQFIDYLR
199,LADDRTLLMYGVSHDLRTPLTRIRLATEMMSEQDGYLAESINKDIEECNAIIEQFIDYLR
200,LADDRTLLM*GVSHDLRTPLTRIRLATEMMSEQDGYLAESINKDIEECNAIIEQFIDYLR
201,LADDRTLLMAAVSHDLRTPLTRIRLATEMMSEQDGYLAESINKDIEECNAIIEQFIDYLR
202,LADDRTLLMACVSHDLRTPLTRIRLATEMMSEQDGYLAESINKDIEECNAIIEQFIDYLR
203,LADDRTLLMADVSHDLRTPLTRIRLATEMMSEQDGYLAESINKDIEECNAIIEQFIDYLR
204,LADDRTLLMAEVSHDLRTPLTRIRLATEMMSEQDGYLAESINKDIEECNAIIEQFIDYLR
205,LADDRTLLMAFVSHDLRTPLTRIRLATEMMSEQDGYLAESINKDIEECNAIIEQFIDYLR
206,LADDRTLLMAHVSHDLRTPLTRIRLATEMMSEQDGYLAESINKDIEECNAIIEQFIDYLR
207,LADDRTLLMAIVSHDLRTPLTRIRLATEMMSEQDGYLAESINKDIEECNAIIEQFIDYLR
208,LADDRTLLMAKVSHDLRTPLTRIRLATEMMSEQDGYLAESINKDIEECNAIIEQFIDYLR
209,LADDRTLLMALVSHDLRTPLTRIRLATEMMSEQDGYLAESINKDIEECNAIIEQFIDYLR
210,LADDRTLLMAMVSHDLRTPLTRIRLATEMMSEQDGYLAESINKDIEECNAIIEQFIDYLR
211,LADDRTLLMANVSHDLRTPLTRIRLATEMMSEQDGYLAESINKDIEECNAIIEQFIDYLR
212,LADDRTLLMAPVSHDLRTPLTRIRLATEMMSEQDGYLAESINKDIEECNAIIEQFIDYLR
213,LADDRTLLMAQVSHDLRTPLTRIRLATEMMSEQDGYLAESINKDIEECNAIIEQFIDYLR
214,LADDRTLLMARVSHDLRTPLTRIRLATEMMSEQDGYLAESINKDIEECNAIIEQFIDYLR
215,LADDRTLLMASVSHDLRTPLTRIRLATEMMSEQDGYLAESINKDIEECNAIIEQFIDYLR
216,LADDRTLLMATVSHDLRTPLTRIRLATEMMSEQDGYLAESINKDIEECNAIIEQFIDYLR
217,LADDRTLLMAVVSHDLRTPLTRIRLATEMMSEQDGYLAESINKDIEECNAIIEQFIDYLR
218,LADDRTLLMAWVSHDLRTPLTRIRLATEMMSEQDGYLAESINKDIEECNAIIEQFIDYLR
219,LADDRTLLMAYVSHDLRTPLTRIRLATEMMSEQDGYLAESINKDIEECNAIIEQFIDYLR
220,LADDRTLLMA*VSHDLRTPLTRIRLATEMMSEQDGYLAESINKDIEECNAIIEQFIDYLR
221,LADDRTLLMAGASHDLRTPLTRIRLATEMMSEQDGYLAESINKDIEECNAIIEQFIDYLR
222,LADDRTLLMAGCSHDLRTPLTRIRLATEMMSEQDGYLAESINKDIEECNAIIEQFIDYLR
223,LADDRTLLMAGDSHDLRTPLTRIRLATEMMSEQDGYLAESINKDIEECNAIIEQFIDYLR
224,LADDRTLLMAGESHDLRTPLTRIRLATEMMSEQDGYLAESINKDIEECNAIIEQFIDYLR
225,LADDRTLLMAGFSHDLRTPLTRIRLATEMMSEQDGYLAESINKDIEECNAIIEQFIDYLR
226,LADDRTLLMAGGSHDLRTPLTRIRLATEMMSEQDGYLAESINKDIEECNAIIEQFIDYLR
227,LADDRTLLMAGHSHDLRTPLTRIRLATEMMSEQDGYLAESINKDIEECNAIIEQFIDYLR
228,LADDRTLLMAGISHDLRTPLTRIRLATEMMSEQDGYLAESINKDIEECNAIIEQFIDYLR
229,LADDRTLLMAGKSHDLRTPLTRIRLATEMMSEQDGYLAESINKDIEECNAIIEQFIDYLR
230,LADDRTLLMAGLSHDLRTPLTRIRLATEMMSEQDGYLAESINKDIEECNAIIEQFIDYLR
231,LADDRTLLMAGMSHDLRTPLTRIRLATEMMSEQDGYLAESINKDIEECNAIIEQFIDYLR
232,LADDRTLLMAGNSHDLRTPLTRIRLATEMMSEQDGYLAESINKDIEECNAIIEQFIDYLR
233,LADDRTLLMAGPSHDLRTPLTRIRLATEMMSEQDGYLAESINKDIEECNAIIEQFIDYLR
234,LADDRTLLMAGQSHDLRTPLTRIRLATEMMSEQDGYLAESINKDIEECNAIIEQFIDYLR
235,LADDRTLLMAGRSHDLRTPLTRIRLATEMMSEQDGYLAESINKDIEECNAIIEQFIDYLR
236,LADDRTLLMAGSSHDLRTPLTRIRLATEMMSEQDGYLAESINKDIEECNAIIEQFIDYLR
237,LADDRTLLMAGTSHDLRTPLTRIRLATEMMSEQDGYLAESINKDIEECNAIIEQFIDYLR
238,LADDRTLLMAGWSHDLRTPLTRIRLATEMMSEQDGYLAESINKDIEECNAIIEQFIDYLR
239,LADDRTLLMAGYSHDLRTPLTRIRLATEMMSEQDGYLAESINKDIEECNAIIEQFIDYLR
240,LADDRTLLMAG*SHDLRTPLTRIRLATEMMSEQDGYLAESINKDIEECNAIIEQFIDYLR
241,LADDRTLLMAGVAHDLRTPLTRIRLATEMMSEQDGYLAESINKDIEECNAIIEQFIDYLR
242,LADDRTLLMAGVCHDLRTPLTRIRLATEMMSEQDGYLAESINKDIEECNAIIEQFIDYLR
243,LADDRTLLMAGVDHDLRTPLTRIRLATEMMSEQDGYLAESINKDIEECNAIIEQFIDYLR
244,LADDRTLLMAGVEHDLRTPLTRIRLATEMMSEQDGYLAESINKDIEECNAIIEQFIDYLR
245,LADDRTLLMAGVFHDLRTPLTRIRLATEMMSEQDGYLAESINKDIEECNAIIEQFIDYLR
246,LADDRTLLMAGVGHDLRTPLTRIRLATEMMSEQDGYLAESINKDIEECNAIIEQFIDYLR
247,LADDRTLLMAGVHHDLRTPLTRIRLATEMMSEQDGYLAESINKDIEECNAIIEQFIDYLR
248,LADDRTLLMAGVIHDLRTPLTRIRLATEMMSEQDGYLAESINKDIEECNAIIEQFIDYLR
249,LADDRTLLMAGVKHDLRTPLTRIRLATEMMSEQDGYLAESINKDIEECNAIIEQFIDYLR
250,LADDRTLLMAGVLHDLRTPLTRIRLATEMMSEQDGYLAESINKDIEECNAIIEQFIDYLR
251,LADDRTLLMAGVMHDLRTPLTRIRLATEMMSEQDGYLAESINKDIEECNAIIEQFIDYLR
252,LADDRTLLMAGVNHDLRTPLTRIRLATEMMSEQDGYLAESINKDIEECNAIIEQFIDYLR
253,LADDRTLLMAGVPHDLRTPLTRIRLATEMMSEQDGYLAESINKDIEECNAIIEQFIDYLR
254,LADDRTLLMAGVQHDLRTPLTRIRLATEMMSEQDGYLAESINKDIEECNAIIEQFIDYLR
255,LADDRTLLMAGVRHDLRTPLTRIRLATEMMSEQDGYLAESINKDIEECNAIIEQFIDYLR
256,LADDRTLLMAGVTHDLRTPLTRIRLATEMMSEQDGYLAESINKDIEECNAIIEQFIDYLR
257,LADDRTLLMAGVVHDLRTPLTRIRLATEMMSEQDGYLAESINKDIEECNAIIEQFIDYLR
258,LADDRTLLMAGVWHDLRTPLTRIRLATEMMSEQDGYLAESINKDIEECNAIIEQFIDYLR
259,LADDRTLLMAGVYHDLRTPLTRIRLATEMMSEQDGYLAESINKDIEECNAIIEQFIDYLR
260,LADDRTLLMAGV*HDLRTPLTRIRLATEMMSEQDGYLAESINKDIEECNAIIEQFIDYLR
261,LADDRTLLMAGVSADLRTPLTRIRLATEMMSEQDGYLAESINKDIEECNAIIEQFIDYLR
262,LADDRTLLMAGVSCDLRTPLTRIRLATEMMSEQDGYLAESINKDIEECNAIIEQFIDYLR
263,LADDRTLLMAGVSDDLRTPLTRIRLATEMMSEQDGYLAESINKDIEECNAIIEQFIDYLR
264,LADDRTLLMAGVSEDLRTPLTRIRLATEMMSEQDGYLAESINKDIEECNAIIEQFIDYLR
265,LADDRTLLMAGVSFDLRTPLTRIRLATEMMSEQDGYLAESINKDIEECNAIIEQFIDYLR
266,LADDRTLLMAGVSGDLRTPLTRIRLATEMMSEQDGYLAESINKDIEECNAIIEQFIDYLR
267,LADDRTLLMAGVSIDLRTPLTRIRLATEMMSEQDGYLAESINKDIEECNAIIEQFIDYLR
268,LADDRTLLMAGVSKDLRTPLTRIRLATEMMSEQDGYLAESINKDIEECNAIIEQFIDYLR
269,LADDRTLLMAGVSLDLRTPLTRIRLATEMMSEQDGYLAESINKDIEECNAIIEQFIDYLR
270,LADDRTLLMAGVSMDLRTPLTRIRLATEMMSEQDGYLAESINKDIEECNAIIEQFIDYLR
271,LADDRTLLMAGVSNDLRTPLTRIRLATEMMSEQDGYLAESINKDIEECNAIIEQFIDYLR
272,LADDRTLLMAGVSPDLRTPLTRIRLATEMMSEQDGYLAESINKDIEECNAIIEQFIDYLR
273,LADDRTLLMAGVSQDLRTPLTRIRLATEMMSEQDGYLAESINKDIEECNAIIEQFIDYLR
274,LADDRTLLMAGVSRDLRTPLTRIRLATEMMSEQDGYLAESINKDIEECNAIIEQFIDYLR
275,LADDRTLLMAGVSSDLRTPLTRIRLATEMMSEQDGYLAESINKDIEECNAIIEQFIDYLR
276,LADDRTLLMAGVSTDLRTPLTRIRLATEMMSEQDGYLAESINKDIEECNAIIEQFIDYLR
277,LADDRTLLMAGVSVDLRTPLTRIRLATEMMSEQDGYLAESINKDIEECNAIIEQFIDYLR
278,LADDRTLLMAGVSWDLRTPLTRIRLATEMMSEQDGYLAESINKDIEECNAIIEQFIDYLR
279,LADDRTLLMAGVSYDLRTPLTRIRLATEMMSEQDGYLAESINKDIEECNAIIEQFIDYLR
280,LADDRTLLMAGVS*DLRTPLTRIRLATEMMSEQDGYLAESINKDIEECNAIIEQFIDYLR
281,LADDRTLLMAGVSHALRTPLTRIRLATEMMSEQDGYLAESINKDIEECNAIIEQFIDYLR
282,LADDRTLLMAGVSHCLRTPLTRIRLATEMMSEQDGYLAESINKDIEECNAIIEQFIDYLR
283,LADDRTLLMAGVSHELRTPLTRIRLATEMMSEQDGYLAESINKDIEECNAIIEQFIDYLR
284,LADDRTLLMAGVSHFLRTPLTRIRLATEMMSEQDGYLAESINKDIEECNAIIEQFIDYLR
285,LADDRTLLMAGVSHGLRTPLTRIRLATEMMSEQDGYLAESINKDIEECNAIIEQFIDYLR
286,LADDRTLLMAGVSHHLRTPLTRIRLATEMMSEQDGYLAESINKDIEECNAIIEQFIDYLR
287,LADDRTLLMAGVSHILRTPLTRIRLATEMMSEQDGYLAESINKDIEECNAIIEQFIDYLR
288,LADDRTLLMAGVSHKLRTPLTRIRLATEMMSEQDGYLAESINKDIEECNAIIEQFIDYLR
289,LADDRTLLMAGVSHLLRTPLTRIRLATEMMSEQDGYLAESINKDIEECNAIIEQFIDYLR
290,LADDRTLLMAGVSHMLRTPLTRIRLATEMMSEQDGYLAESINKDIEECNAIIEQFIDYLR
291,LADDRTLLMAGVSHNLRTPLTRIRLATEMMSEQDGYLAESINKDIEECNAIIEQFIDYLR
292,LADDRTLLMAGVSHPLRTPLTRIRLATEMMSEQDGYLAESINKDIEECNAIIEQFIDYLR
293,LADDRTLLMAGVSHQLRTPLTRIRLATEMMSEQDGYLAESINKDIEECNAIIEQFIDYLR
294,LADDRTLLMAGVSHRLRTPLTRIRLATEMMSEQDGYLAESINKDIEECNAIIEQFIDYLR
295,LADDRTLLMAGVSHSLRTPLTRIRLATEMMSEQDGYLAESINKDIEECNAIIEQFIDYLR
296,LADDRTLLMAGVSHTLRTPLTRIRLATEMMSEQDGYLAESINKDIEECNAIIEQFIDYLR
297,LADDRTLLMAGVSHVLRTPLTRIRLATEMMSEQDGYLAESINKDIEECNAIIEQFIDYLR
298,LADDRTLLMAGVSHWLRTPLTRIRLATEMMSEQDGYLAESINKDIEECNAIIEQFIDYLR
299,LADDRTLLMAGVSHYLRTPLTRIRLATEMMSEQDGYLAESINKDIEECNAIIEQFIDYLR
300,LADDRTLLMAGVSH*LRTPLTRIRLATEMMSEQDGYLAESINKDIEECNAIIEQFIDYLR
301,LADDRTLLMAGVSHDARTPLTRIRLATEMMSEQDGYLAESINKDIEECNAIIEQFIDYLR
302,LADDRTLLMAGVSHDCRTPLTRIRLATEMMSEQDGYLAESINKDIEECNAIIEQFIDYLR
303,LADDRTLLMAGVSHDDRTPLTRIRLATEMMSEQDGYLAESINKDIEECNAIIEQFIDYLR
304,LADDRTLLMAGVSHDERTPLTRIRLATEMMSEQDGYLAESINKDIEECNAIIEQFIDYLR
305,LADDRTLLMAGVSHDFRTPLTRIRLATEMMSEQDGYLAESINKDIEECNAIIEQFIDYLR
306,LADDRTLLMAGVSHDGRTPLTRIRLATEMMSEQDGYLAESINKDIEECNAIIEQFIDYLR
307,LADDRTLLMAGVSHDHRTPLTRIRLATEMMSEQDGYLAESINKDIEECNAIIEQFIDYLR
308,LADDRTLLMAGVSHDIRTPLTRIRLATEMMSEQDGYLAESINKDIEECNAIIEQFIDYLR
309,LADDRTLLMAGVSHDKRTPLTRIRLATEMMSEQDGYLAESINKDIEECNAIIEQFIDYLR
310,LADDRTLLMAGVSHDMRTPLTRIRLATEMMSEQDGYLAESINKDIEECNAIIEQFIDYLR
311,LADDRTLLMAGVSHDNRTPLTRIRLATEMMSEQDGYLAESINKDIEECNAIIEQFIDYLR
312,LADDRTLLMAGVSHDPRTPLTRIRLATEMMSEQDGYLAESINKDIEECNAIIEQFIDYLR
313,LADDRTLLMAGVSHDQRTPLTRIRLATEMMSEQDGYLAESINKDIEECNAIIEQFIDYLR
314,LADDRTLLMAGVSHDRRTPLTRIRLATEMMSEQDGYLAESINKDIEECNAIIEQFIDYLR
315,LADDRTLLMAGVSHDSRTPLTRIRLATEMMSEQDGYLAESINKDIEECNAIIEQFIDYLR
316,LADDRTLLMAGVSHDTRTPLTRIRLATEMMSEQDGYLAESINKDIEECNAIIEQFIDYLR
317,LADDRTLLMAGVSHDVRTPLTRIRLATEMMSEQDGYLAESINKDIEECNAIIEQFIDYLR
318,LADDRTLLMAGVSHDWRTPLTRIRLATEMMSEQDGYLAESINKDIEECNAIIEQFIDYLR
319,LADDRTLLMAGVSHDYRTPLTRIRLATEMMSEQDGYLAESINKDIEECNAIIEQFIDYLR
320,LADDRTLLMAGVSHD*RTPLTRIRLATEMMSEQDGYLAESINKDIEECNAIIEQFIDYLR
321,LADDRTLLMAGVSHDLATPLTRIRLATEMMSEQDGYLAESINKDIEECNAIIEQFIDYLR
322,LADDRTLLMAGVSHDLCTPLTRIRLATEMMSEQDGYLAESINKDIEECNAIIEQFIDYLR
323,LADDRTLLMAGVSHDLDTPLTRIRLATEMMSEQDGYLAESINKDIEECNAIIEQFIDYLR
324,LADDRTLLMAGVSHDLETPLTRIRLATEMMSEQDGYLAESINKDIEECNAIIEQFIDYLR
325,LADDRTLLMAGVSHDLFTPLTRIRLATEMMSEQDGYLAESINKDIEECNAIIEQFIDYLR
326,LADDRTLLMAGVSHDLGTPLTRIRLATEMMSEQDGYLAESINKDIEECNAIIEQFIDYLR
327,LADDRTLLMAGVSHDLHTPLTRIRLATEMMSEQDGYLAESINKDIEECNAIIEQFIDYLR
328,LADDRTLLMAGVSHDLITPLTRIRLATEMMSEQDGYLAESINKDIEECNAIIEQFIDYLR
329,LADDRTLLMAGVSHDLKTPLTRIRLATEMMSEQDGYLAESINKDIEECNAIIEQFIDYLR
330,LADDRTLLMAGVSHDLLTPLTRIRLATEMMSEQDGYLAESINKDIEECNAIIEQFIDYLR
331,LADDRTLLMAGVSHDLMTPLTRIRLATEMMSEQDGYLAESINKDIEECNAIIEQFIDYLR
332,LADDRTLLMAGVSHDLNTPLTRIRLATEMMSEQDGYLAESINKDIEECNAIIEQFIDYLR
333,LADDRTLLMAGVSHDLPTPLTRIRLATEMMSEQDGYLAESINKDIEECNAIIEQFIDYLR
334,LADDRTLLMAGVSHDLQTPLTRIRLATEMMSEQDGYLAESINKDIEECNAIIEQFIDYLR
335,LADDRTLLMAGVSHDLSTPLTRIRLATEMMSEQDGYLAESINKDIEECNAIIEQFIDYLR
336,LADDRTLLMAGVSHDLTTPLTRIRLATEMMSEQDGYLAESINKDIEECNAIIEQFIDYLR
337,LADDRTLLMAGVSHDLVTPLTRIRLATEMMSEQDGYLAESINKDIEECNAIIEQFIDYLR
338,LADDRTLLMAGVSHDLWTPLTRIRLATEMMSEQDGYLAESINKDIEECNAIIEQFIDYLR
339,LADDRTLLMAGVSHDLYTPLTRIRLATEMMSEQDGYLAESINKDIEECNAIIEQFIDYLR
340,LADDRTLLMAGVSHDL*TPLTRIRLATEMMSEQDGYLAESINKDIEECNAIIEQFIDYLR
341,LADDRTLLMAGVSHDLRAPLTRIRLATEMMSEQDGYLAESINKDIEECNAIIEQFIDYLR
342,LADDRTLLMAGVSHDLRCPLTRIRLATEMMSEQDGYLAESINKDIEECNAIIEQFIDYLR
343,LADDRTLLMAGVSHDLRDPLTRIRLATEMMSEQDGYLAESINKDIEECNAIIEQFIDYLR
344,LADDRTLLMAGVSHDLREPLTRIRLATEMMSEQDGYLAESINKDIEECNAIIEQFIDYLR
345,LADDRTLLMAGVSHDLRFPLTRIRLATEMMSEQDGYLAESINKDIEECNAIIEQFIDYLR
346,LADDRTLLMAGVSHDLRGPLTRIRLATEMMSEQDGYLAESINKDIEECNAIIEQFIDYLR
347,LADDRTLLMAGVSHDLRHPLTRIRLATEMMSEQDGYLAESINKDIEECNAIIEQFIDYLR
348,LADDRTLLMAGVSHDLRIPLTRIRLATEMMSEQDGYLAESINKDIEECNAIIEQFIDYLR
349,LADDRTLLMAGVSHDLRKPLTRIRLATEMMSEQDGYLAESINKDIEECNAIIEQFIDYLR
350,LADDRTLLMAGVSHDLRLPLTRIRLATEMMSEQDGYLAESINKDIEECNAIIEQFIDYLR
351,LADDRTLLMAGVSHDLRMPLTRIRLATEMMSEQDGYLAESINKDIEECNAIIEQFIDYLR
352,LADDRTLLMAGVSHDLRNPLTRIRLATEMMSEQDGYLAESINKDIEECNAIIEQFIDYLR
353,LADDRTLLMAGVSHDLRPPLTRIRLATEMMSEQDGYLAESINKDIEECNAIIEQFIDYLR
354,LADDRTLLMAGVSHDLRQPLTRIRLATEMMSEQDGYLAESINKDIEECNAIIEQFIDYLR
355,LADDRTLLMAGVSHDLRRPLTRIRLATEMMSEQDGYLAESINKDIEECNAIIEQFIDYLR
356,LADDRTLLMAGVSHDLRSPLTRIRLATEMMSEQDGYLAESINKDIEECNAIIEQFIDYLR
357,LADDRTLLMAGVSHDLRVPLTRIRLATEMMSEQDGYLAESINKDIEECNAIIEQFIDYLR
358,LADDRTLLMAGVSHDLRWPLTRIRLATEMMSEQDGYLAESINKDIEECNAIIEQFIDYLR
359,LADDRTLLMAGVSHDLRYPLTRIRLATEMMSEQDGYLAESINKDIEECNAIIEQFIDYLR
360,LADDRTLLMAGVSHDLR*PLTRIRLATEMMSEQDGYLAESINKDIEECNAIIEQFIDYLR
361,LADDRTLLMAGVSHDLRTALTRIRLATEMMSEQDGYLAESINKDIEECNAIIEQFIDYLR
362,LADDRTLLMAGVSHDLRTCLTRIRLATEMMSEQDGYLAESINKDIEECNAIIEQFIDYLR
363,LADDRTLLMAGVSHDLRTDLTRIRLATEMMSEQDGYLAESINKDIEECNAIIEQFIDYLR
364,LADDRTLLMAGVSHDLRTELTRIRLATEMMSEQDGYLAESINKDIEECNAIIEQFIDYLR
365,LADDRTLLMAGVSHDLRTFLTRIRLATEMMSEQDGYLAESINKDIEECNAIIEQFIDYLR
366,LADDRTLLMAGVSHDLRTGLTRIRLATEMMSEQDGYLAESINKDIEECNAIIEQFIDYLR
367,LADDRTLLMAGVSHDLRTHLTRIRLATEMMSEQDGYLAESINKDIEECNAIIEQFIDYLR
368,LADDRTLLMAGVSHDLRTILTRIRLATEMMSEQDGYLAESINKDIEECNAIIEQFIDYLR
369,LADDRTLLMAGVSHDLRTKLTRIRLATEMMSEQDGYLAESINKDIEECNAIIEQFIDYLR
370,LADDRTLLMAGVSHDLRTLLTRIRLATEMMSEQDGYLAESINKDIEECNAIIEQFIDYLR
371,LADDRTLLMAGVSHDLRTMLTRIRLATEMMSEQDGYLAESINKDIEECNAIIEQFIDYLR
372,LADDRTLLMAGVSHDLRTNLTRIRLATEMMSEQDGYLAESINKDIEECNAIIEQFIDYLR
373,LADDRTLLMAGVSHDLRTQLTRIRLATEMMSEQDGYLAESINKDIEECNAIIEQFIDYLR
374,LADDRTLLMAGVSHDLRTRLTRIRLATEMMSEQDGYLAESINKDIEECNAIIEQFIDYLR
375,LADDRTLLMAGVSHDLRTSLTRIRLATEMMSEQDGYLAESINKDIEECNAIIEQFIDYLR
376,LADDRTLLMAGVSHDLRTTLTRIRLATEMMSEQDGYLAESINKDIEECNAIIEQFIDYLR
377,LADDRTLLMAGVSHDLRTVLTRIRLATEMMSEQDGYLAESINKDIEECNAIIEQFIDYLR
378,LADDRTLLMAGVSHDLRTWLTRIRLATEMMSEQDGYLAESINKDIEECNAIIEQFIDYLR
379,LADDRTLLMAGVSHDLRTYLTRIRLATEMMSEQDGYLAESINKDIEECNAIIEQFIDYLR
380,LADDRTLLMAGVSHDLRT*LTRIRLATEMMSEQDGYLAESINKDIEECNAIIEQFIDYLR
381,LADDRTLLMAGVSHDLRTPATRIRLATEMMSEQDGYLAESINKDIEECNAIIEQFIDYLR
382,LADDRTLLMAGVSHDLRTPCTRIRLATEMMSEQDGYLAESINKDIEECNAIIEQFIDYLR
383,LADDRTLLMAGVSHDLRTPDTRIRLATEMMSEQDGYLAESINKDIEECNAIIEQFIDYLR
384,LADDRTLLMAGVSHDLRTPETRIRLATEMMSEQDGYLAESINKDIEECNAIIEQFIDYLR
385,LADDRTLLMAGVSHDLRTPFTRIRLATEMMSEQDGYLAESINKDIEECNAIIEQFIDYLR
386,LADDRTLLMAGVSHDLRTPGTRIRLATEMMSEQDGYLAESINKDIEECNAIIEQFIDYLR
387,LADDRTLLMAGVSHDLRTPHTRIRLATEMMSEQDGYLAESINKDIEECNAIIEQFIDYLR
388,LADDRTLLMAGVSHDLRTPITRIRLATEMMSEQDGYLAESINKDIEECNAIIEQFIDYLR
389,LADDRTLLMAGVSHDLRTPKTRIRLATEMMSEQDGYLAESINKDIEECNAIIEQFIDYLR
390,LADDRTLLMAGVSHDLRTPMTRIRLATEMMSEQDGYLAESINKDIEECNAIIEQFIDYLR
391,LADDRTLLMAGVSHDLRTPNTRIRLATEMMSEQDGYLAESINKDIEECNAIIEQFIDYLR
392,LADDRTLLMAGVSHDLRTPPTRIRLATEMMSEQDGYLAESINKDIEECNAIIEQFIDYLR
393,LADDRTLLMAGVSHDLRTPQTRIRLATEMMSEQDGYLAESINKDIEECNAIIEQFIDYLR
394,LADDRTLLMAGVSHDLRTPRTRIRLATEMMSEQDGYLAESINKDIEECNAIIEQFIDYLR
395,LADDRTLLMAGVSHDLRTPSTRIRLATEMMSEQDGYLAESINKDIEECNAIIEQFIDYLR
396,LADDRTLLMAGVSHDLRTPTTRIRLATEMMSEQDGYLAESINKDIEECNAIIEQFIDYLR
397,LADDRTLLMAGVSHDLRTPVTRIRLATEMMSEQDGYLAESINKDIEECNAIIEQFIDYLR
398,LADDRTLLMAGVSHDLRTPWTRIRLATEMMSEQDGYLAESINKDIEECNAIIEQFIDYLR
399,LADDRTLLMAGVSHDLRTPYTRIRLATEMMSEQDGYLAESINKDIEECNAIIEQFIDYLR
400,LADDRTLLMAGVSHDLRTP*TRIRLATEMMSEQDGYLAESINKDIEECNAIIEQFIDYLR
401,LADDRTLLMAGVSHDLRTPLARIRLATEMMSEQDGYLAESINKDIEECNAIIEQFIDYLR
402,LADDRTLLMAGVSHDLRTPLCRIRLATEMMSEQDGYLAESINKDIEECNAIIEQFIDYLR
403,LADDRTLLMAGVSHDLRTPLDRIRLATEMMSEQDGYLAESINKDIEECNAIIEQFIDYLR
404,LADDRTLLMAGVSHDLRTPLERIRLATEMMSEQDGYLAESINKDIEECNAIIEQFIDYLR
405,LADDRTLLMAGVSHDLRTPLFRIRLATEMMSEQDGYLAESINKDIEECNAIIEQFIDYLR
406,LADDRTLLMAGVSHDLRTPLGRIRLATEMMSEQDGYLAESINKDIEECNAIIEQFIDYLR
407,LADDRTLLMAGVSHDLRTPLHRIRLATEMMSEQDGYLAESINKDIEECNAIIEQFIDYLR
408,LADDRTLLMAGVSHDLRTPLIRIRLATEMMSEQDGYLAESINKDIEECNAIIEQFIDYLR
409,LADDRTLLMAGVSHDLRTPLKRIRLATEMMSEQDGYLAESINKDIEECNAIIEQFIDYLR
410,LADDRTLLMAGVSHDLRTPLLRIRLATEMMSEQDGYLAESINKDIEECNAIIEQFIDYLR
411,LADDRTLLMAGVSHDLRTPLMRIRLATEMMSEQDGYLAESINKDIEECNAIIEQFIDYLR
412,LADDRTLLMAGVSHDLRTPLNRIRLATEMMSEQDGYLAESINKDIEECNAIIEQFIDYLR
413,LADDRTLLMAGVSHDLRTPLPRIRLATEMMSEQDGYLAESINKDIEECNAIIEQFIDYLR
414,LADDRTLLMAGVSHDLRTPLQRIRLATEMMSEQDGYLAESINKDIEECNAIIEQFIDYLR
415,LADDRTLLMAGVSHDLRTPLRRIRLATEMMSEQDGYLAESINKDIEECNAIIEQFIDYLR
416,LADDRTLLMAGVSHDLRTPLSRIRLATEMMSEQDGYLAESINKDIEECNAIIEQFIDYLR
417,LADDRTLLMAGVSHDLRTPLVRIRLATEMMSEQDGYLAESINKDIEECNAIIEQFIDYLR
418,LADDRTLLMAGVSHDLRTPLWRIRLATEMMSEQDGYLAESINKDIEECNAIIEQFIDYLR
419,LADDRTLLMAGVSHDLRTPLYRIRLATEMMSEQDGYLAESINKDIEECNAIIEQFIDYLR
420,LADDRTLLMAGVSHDLRTPL*RIRLATEMMSEQDGYLAESINKDIEECNAIIEQFIDYLR
421,LADDRTLLMAGVSHDLRTPLTAIRLATEMMSEQDGYLAESINKDIEECNAIIEQFIDYLR
422,LADDRTLLMAGVSHDLRTPLTCIRLATEMMSEQDGYLAESINKDIEECNAIIEQFIDYLR
423,LADDRTLLMAGVSHDLRTPLTDIRLATEMMSEQDGYLAESINKDIEECNAIIEQFIDYLR
424,LADDRTLLMAGVSHDLRTPLTEIRLATEMMSEQDGYLAESINKDIEECNAIIEQFIDYLR
425,LADDRTLLMAGVSHDLRTPLTFIRLATEMMSEQDGYLAESINKDIEECNAIIEQFIDYLR
426,LADDRTLLMAGVSHDLRTPLTGIRLATEMMSEQDGYLAESINKDIEECNAIIEQFIDYLR
427,LADDRTLLMAGVSHDLRTPLTHIRLATEMMSEQDGYLAESINKDIEECNAIIEQFIDYLR
428,LADDRTLLMAGVSHDLRTPLTIIRLATEMMSEQDGYLAESINKDIEECNAIIEQFIDYLR
429,LADDRTLLMAGVSHDLRTPLTKIRLATEMMSEQDGYLAESINKDIEECNAIIEQFIDYLR
430,LADDRTLLMAGVSHDLRTPLTLIRLATEMMSEQDGYLAESINKDIEECNAIIEQFIDYLR
431,LADDRTLLMAGVSHDLRTPLTMIRLATEMMSEQDGYLAESINKDIEECNAIIEQFIDYLR
432,LADDRTLLMAGVSHDLRTPLTNIRLATEMMSEQDGYLAESINKDIEECNAIIEQFIDYLR
433,LADDRTLLMAGVSHDLRTPLTPIRLATEMMSEQDGYLAESINKDIEECNAIIEQFIDYLR
434,LADDRTLLMAGVSHDLRTPLTQIRLATEMMSEQDGYLAESINKDIEECNAIIEQFIDYLR
435,LADDRTLLMAGVSHDLRTPLTSIRLATEMMSEQDGYLAESINKDIEECNAIIEQFIDYLR
436,LADDRTLLMAGVSHDLRTPLTTIRLATEMMSEQDGYLAESINKDIEECNAIIEQFIDYLR
437,LADDRTLLMAGVSHDLRTPLTVIRLATEMMSEQDGYLAESINKDIEECNAIIEQFIDYLR
438,LADDRTLLMAGVSHDLRTPLTWIRLATEMMSEQDGYLAESINKDIEECNAIIEQFIDYLR
439,LADDRTLLMAGVSHDLRTPLTYIRLATEMMSEQDGYLAESINKDIEECNAIIEQFIDYLR
440,LADDRTLLMAGVSHDLRTPLT*IRLATEMMSEQDGYLAESINKDIEECNAIIEQFIDYLR
441,LADDRTLLMAGVSHDLRTPLTRARLATEMMSEQDGYLAESINKDIEECNAIIEQFIDYLR
442,LADDRTLLMAGVSHDLRTPLTRCRLATEMMSEQDGYLAESINKDIEECNAIIEQFIDYLR
443,LADDRTLLMAGVSHDLRTPLTRDRLATEMMSEQDGYLAESINKDIEECNAIIEQFIDYLR
444,LADDRTLLMAGVSHDLRTPLTRERLATEMMSEQDGYLAESINKDIEECNAIIEQFIDYLR
445,LADDRTLLMAGVSHDLRTPLTRFRLATEMMSEQDGYLAESINKDIEECNAIIEQFIDYLR
446,LADDRTLLMAGVSHDLRTPLTRGRLATEMMSEQDGYLAESINKDIEECNAIIEQFIDYLR
447,LADDRTLLMAGVSHDLRTPLTRHRLATEMMSEQDGYLAESINKDIEECNAIIEQFIDYLR
448,LADDRTLLMAGVSHDLRTPLTRKRLATEMMSEQDGYLAESINKDIEECNAIIEQFIDYLR
449,LADDRTLLMAGVSHDLRTPLTRLRLATEMMSEQDGYLAESINKDIEECNAIIEQFIDYLR
450,LADDRTLLMAGVSHDLRTPLTRMRLATEMMSEQDGYLAESINKDIEECNAIIEQFIDYLR
451,LADDRTLLMAGVSHDLRTPLTRNRLATEMMSEQDGYLAESINKDIEECNAIIEQFIDYLR
452,LADDRTLLMAGVSHDLRTPLTRPRLATEMMSEQDGYLAESINKDIEECNAIIEQFIDYLR
453,LADDRTLLMAGVSHDLRTPLTRQRLATEMMSEQDGYLAESINKDIEECNAIIEQFIDYLR
454,LADDRTLLMAGVSHDLRTPLTRRRLATEMMSEQDGYLAESINKDIEECNAIIEQFIDYLR
455,LADDRTLLMAGVSHDLRTPLTRSRLATEMMSEQDGYLAESINKDIEECNAIIEQFIDYLR
456,LADDRTLLMAGVSHDLRTPLTRTRLATEMMSEQDGYLAESINKDIEECNAIIEQFIDYLR
457,LADDRTLLMAGVSHDLRTPLTRVRLATEMMSEQDGYLAESINKDIEECNAIIEQFIDYLR
458,LADDRTLLMAGVSHDLRTPLTRWRLATEMMSEQDGYLAESINKDIEECNAIIEQFIDYLR
459,LADDRTLLMAGVSHDLRTPLTRYRLATEMMSEQDGYLAESINKDIEECNAIIEQFIDYLR
460,LADDRTLLMAGVSHDLRTPLTR*RLATEMMSEQDGYLAESINKDIEECNAIIEQFIDYLR
461,LADDRTLLMAGVSHDLRTPLTRIALATEMMSEQDGYLAESINKDIEECNAIIEQFIDYLR
462,LADDRTLLMAGVSHDLRTPLTRICLATEMMSEQDGYLAESINKDIEECNAIIEQFIDYLR
463,LADDRTLLMAGVSHDLRTPLTRIDLATEMMSEQDGYLAESINKDIEECNAIIEQFIDYLR
464,LADDRTLLMAGVSHDLRTPLTRIELATEMMSEQDGYLAESINKDIEECNAIIEQFIDYLR
465,LADDRTLLMAGVSHDLRTPLTRIFLATEMMSEQDGYLAESINKDIEECNAIIEQFIDYLR
466,LADDRTLLMAGVSHDLRTPLTRIGLATEMMSEQDGYLAESINKDIEECNAIIEQFIDYLR
467,LADDRTLLMAGVSHDLRTPLTRIHLATEMMSEQDGYLAESINKDIEECNAIIEQFIDYLR
468,LADDRTLLMAGVSHDLRTPLTRIILATEMMSEQDGYLAESINKDIEECNAIIEQFIDYLR
469,LADDRTLLMAGVSHDLRTPLTRIKLATEMMSEQDGYLAESINKDIEECNAIIEQFIDYLR
470,LADDRTLLMAGVSHDLRTPLTRILLATEMMSEQDGYLAESINKDIEECNAIIEQFIDYLR
471,LADDRTLLMAGVSHDLRTPLTRIMLATEMMSEQDGYLAESINKDIEECNAIIEQFIDYLR
472,LADDRTLLMAGVSHDLRTPLTRINLATEMMSEQDGYLAESINKDIEECNAIIEQFIDYLR
473,LADDRTLLMAGVSHDLRTPLTRIPLATEMMSEQDGYLAESINKDIEECNAIIEQFIDYLR
474,LADDRTLLMAGVSHDLRTPLTRIQLATEMMSEQDGYLAESINKDIEECNAIIEQFIDYLR
475,LADDRTLLMAGVSHDLRTPLTRISLATEMMSEQDGYLAESINKDIEECNAIIEQFIDYLR
476,LADDRTLLMAGVSHDLRTPLTRITLATEMMSEQDGYLAESINKDIEECNAIIEQFIDYLR
477,LADDRTLLMAGVSHDLRTPLTRIVLATEMMSEQDGYLAESINKDIEECNAIIEQFIDYLR
478,LADDRTLLMAGVSHDLRTPLTRIWLATEMMSEQDGYLAESINKDIEECNAIIEQFIDYLR
479,LADDRTLLMAGVSHDLRTPLTRIYLATEMMSEQDGYLAESINKDIEECNAIIEQFIDYLR
480,LADDRTLLMAGVSHDLRTPLTRI*LATEMMSEQDGYLAESINKDIEECNAIIEQFIDYLR
481,LADDRTLLMAGVSHDLRTPLTRIRAATEMMSEQDGYLAESINKDIEECNAIIEQFIDYLR
482,LADDRTLLMAGVSHDLRTPLTRIRCATEMMSEQDGYLAESINKDIEECNAIIEQFIDYLR
483,LADDRTLLMAGVSHDLRTPLTRIRDATEMMSEQDGYLAESINKDIEECNAIIEQFIDYLR
484,LADDRTLLMAGVSHDLRTPLTRIREATEMMSEQDGYLAESINKDIEECNAIIEQFIDYLR
485,LADDRTLLMAGVSHDLRTPLTRIRFATEMMSEQDGYLAESINKDIEECNAIIEQFIDYLR
486,LADDRTLLMAGVSHDLRTPLTRIRGATEMMSEQDGYLAESINKDIEECNAIIEQFIDYLR
487,LADDRTLLMAGVSHDLRTPLTRIRHATEMMSEQDGYLAESINKDIEECNAIIEQFIDYLR
488,LADDRTLLMAGVSHDLRTPLTRIRIATEMMSEQDGYLAESINKDIEECNAIIEQFIDYLR
489,LADDRTLLMAGVSHDLRTPLTRIRKATEMMSEQDGYLAESINKDIEECNAIIEQFIDYLR
490,LADDRTLLMAGVSHDLRTPLTRIRMATEMMSEQDGYLAESINKDIEECNAIIEQFIDYLR
491,LADDRTLLMAGVSHDLRTPLTRIRNATEMMSEQDGYLAESINKDIEECNAIIEQFIDYLR
492,LADDRTLLMAGVSHDLRTPLTRIRPATEMMSEQDGYLAESINKDIEECNAIIEQFIDYLR
493,LADDRTLLMAGVSHDLRTPLTRIRQATEMMSEQDGYLAESINKDIEECNAIIEQFIDYLR
494,LADDRTLLMAGVSHDLRTPLTRIRRATEMMSEQDGYLAESINKDIEECNAIIEQFIDYLR
495,LADDRTLLMAGVSHDLRTPLTRIRSATEMMSEQDGYLAESINKDIEECNAIIEQFIDYLR
496,LADDRTLLMAGVSHDLRTPLTRIRTATEMMSEQDGYLAESINKDIEECNAIIEQFIDYLR
497,LADDRTLLMAGVSHDLRTPLTRIRVATEMMSEQDGYLAESINKDIEECNAIIEQFIDYLR
498,LADDRTLLMAGVSHDLRTPLTRIRWATEMMSEQDGYLAESINKDIEECNAIIEQFIDYLR
499,LADDRTLLMAGVSHDLRTPLTRIRYATEMMSEQDGYLAESINKDIEECNAIIEQFIDYLR
500,LADDRTLLMAGVSHDLRTPLTRIR*ATEMMSEQDGYLAESINKDIEECNAIIEQFIDYLR
501,LADDRTLLMAGVSHDLRTPLTRIRLCTEMMSEQDGYLAESINKDIEECNAIIEQFIDYLR
502,LADDRTLLMAGVSHDLRTPLTRIRLDTEMMSEQDGYLAESINKDIEECNAIIEQFIDYLR
503,LADDRTLLMAGVSHDLRTPLTRIRLETEMMSEQDGYLAESINKDIEECNAIIEQFIDYLR
504,LADDRTLLMAGVSHDLRTPLTRIRLFTEMMSEQDGYLAESINKDIEECNAIIEQFIDYLR
505,LADDRTLLMAGVSHDLRTPLTRIRLGTEMMSEQDGYLAESINKDIEECNAIIEQFIDYLR
506,LADDRTLLMAGVSHDLRTPLTRIRLHTEMMSEQDGYLAESINKDIEECNAIIEQFIDYLR
507,LADDRTLLMAGVSHDLRTPLTRIRLITEMMSEQDGYLAESINKDIEECNAIIEQFIDYLR
508,LADDRTLLMAGVSHDLRTPLTRIRLKTEMMSEQDGYLAESINKDIEECNAIIEQFIDYLR
509,LADDRTLLMAGVSHDLRTPLTRIRLLTEMMSEQDGYLAESINKDIEECNAIIEQFIDYLR
510,LADDRTLLMAGVSHDLRTPLTRIRLMTEMMSEQDGYLAESINKDIEECNAIIEQFIDYLR
511,LADDRTLLMAGVSHDLRTPLTRIRLNTEMMSEQDGYLAESINKDIEECNAIIEQFIDYLR
512,LADDRTLLMAGVSHDLRTPLTRIRLPTEMMSEQDGYLAESINKDIEECNAIIEQFIDYLR
513,LADDRTLLMAGVSHDLRTPLTRIRLQTEMMSEQDGYLAESINKDIEECNAIIEQFIDYLR
514,LADDRTLLMAGVSHDLRTPLTRIRLRTEMMSEQDGYLAESINKDIEECNAIIEQFIDYLR
515,LADDRTLLMAGVSHDLRTPLTRIRLSTEMMSEQDGYLAESINKDIEECNAIIEQFIDYLR
516,LADDRTLLMAGVSHDLRTPLTRIRLTTEMMSEQDGYLAESINKDIEECNAIIEQFIDYLR
517,LADDRTLLMAGVSHDLRTPLTRIRLVTEMMSEQDGYLAESINKDIEECNAIIEQFIDYLR
518,LADDRTLLMAGVSHDLRTPLTRIRLWTEMMSEQDGYLAESINKDIEECNAIIEQFIDYLR
519,LADDRTLLMAGVSHDLRTPLTRIRLYTEMMSEQDGYLAESINKDIEECNAIIEQFIDYLR
520,LADDRTLLMAGVSHDLRTPLTRIRL*TEMMSEQDGYLAESINKDIEECNAIIEQFIDYLR
521,LADDRTLLMAGVSHDLRTPLTRIRLAAEMMSEQDGYLAESINKDIEECNAIIEQFIDYLR
522,LADDRTLLMAGVSHDLRTPLTRIRLACEMMSEQDGYLAESINKDIEECNAIIEQFIDYLR
523,LADDRTLLMAGVSHDLRTPLTRIRLADEMMSEQDGYLAESINKDIEECNAIIEQFIDYLR
524,LADDRTLLMAGVSHDLRTPLTRIRLAEEMMSEQDGYLAESINKDIEECNAIIEQFIDYLR
525,LADDRTLLMAGVSHDLRTPLTRIRLAFEMMSEQDGYLAESINKDIEECNAIIEQFIDYLR
526,LADDRTLLMAGVSHDLRTPLTRIRLAGEMMSEQDGYLAESINKDIEECNAIIEQFIDYLR
527,LADDRTLLMAGVSHDLRTPLTRIRLAHEMMSEQDGYLAESINKDIEECNAIIEQFIDYLR
528,LADDRTLLMAGVSHDLRTPLTRIRLAIEMMSEQDGYLAESINKDIEECNAIIEQFIDYLR
529,LADDRTLLMAGVSHDLRTPLTRIRLAKEMMSEQDGYLAESINKDIEECNAIIEQFIDYLR
530,LADDRTLLMAGVSHDLRTPLTRIRLALEMMSEQDGYLAESINKDIEECNAIIEQFIDYLR
531,LADDRTLLMAGVSHDLRTPLTRIRLAMEMMSEQDGYLAESINKDIEECNAIIEQFIDYLR
532,LADDRTLLMAGVSHDLRTPLTRIRLANEMMSEQDGYLAESINKDIEECNAIIEQFIDYLR
533,LADDRTLLMAGVSHDLRTPLTRIRLAPEMMSEQDGYLAESINKDIEECNAIIEQFIDYLR
534,LADDRTLLMAGVSHDLRTPLTRIRLAQEMMSEQDGYLAESINKDIEECNAIIEQFIDYLR
535,LADDRTLLMAGVSHDLRTPLTRIRLAREMMSEQDGYLAESINKDIEECNAIIEQFIDYLR
536,LADDRTLLMAGVSHDLRTPLTRIRLASEMMSEQDGYLAESINKDIEECNAIIEQFIDYLR
537,LADDRTLLMAGVSHDLRTPLTRIRLAVEMMSEQDGYLAESINKDIEECNAIIEQFIDYLR
538,LADDRTLLMAGVSHDLRTPLTRIRLAWEMMSEQDGYLAESINKDIEECNAIIEQFIDYLR
539,LADDRTLLMAGVSHDLRTPLTRIRLAYEMMSEQDGYLAESINKDIEECNAIIEQFIDYLR
540,LADDRTLLMAGVSHDLRTPLTRIRLA*EMMSEQDGYLAESINKDIEECNAIIEQFIDYLR
541,LADDRTLLMAGVSHDLRTPLTRIRLATAMMSEQDGYLAESINKDIEECNAIIEQFIDYLR
542,LADDRTLLMAGVSHDLRTPLTRIRLATCMMSEQDGYLAESINKDIEECNAIIEQFIDYLR
543,LADDRTLLMAGVSHDLRTPLTRIRLATDMMSEQDGYLAESINKDIEECNAIIEQFIDYLR
544,LADDRTLLMAGVSHDLRTPLTRIRLATFMMSEQDGYLAESINKDIEECNAIIEQFIDYLR
545,LADDRTLLMAGVSHDLRTPLTRIRLATGMMSEQDGYLAESINKDIEECNAIIEQFIDYLR
546,LADDRTLLMAGVSHDLRTPLTRIRLATHMMSEQDGYLAESINKDIEECNAIIEQFIDYLR
547,LADDRTLLMAGVSHDLRTPLTRIRLATIMMSEQDGYLAESINKDIEECNAIIEQFIDYLR
548,LADDRTLLMAGVSHDLRTPLTRIRLATKMMSEQDGYLAESINKDIEECNAIIEQFIDYLR
549,LADDRTLLMAGVSHDLRTPLTRIRLATLMMSEQDGYLAESINKDIEECNAIIEQFIDYLR
550,LADDRTLLMAGVSHDLRTPLTRIRLATMMMSEQDGYLAESINKDIEECNAIIEQFIDYLR
551,LADDRTLLMAGVSHDLRTPLTRIRLATNMMSEQDGYLAESINKDIEECNAIIEQFIDYLR
552,LADDRTLLMAGVSHDLRTPLTRIRLATPMMSEQDGYLAESINKDIEECNAIIEQFIDYLR
553,LADDRTLLMAGVSHDLRTPLTRIRLATQMMSEQDGYLAESINKDIEECNAIIEQFIDYLR
554,LADDRTLLMAGVSHDLRTPLTRIRLATRMMSEQDGYLAESINKDIEECNAIIEQFIDYLR
555,LADDRTLLMAGVSHDLRTPLTRIRLATSMMSEQDGYLAESINKDIEECNAIIEQFIDYLR
556,LADDRTLLMAGVSHDLRTPLTRIRLATTMMSEQDGYLAESINKDIEECNAIIEQFIDYLR
557,LADDRTLLMAGVSHDLRTPLTRIRLATVMMSEQDGYLAESINKDIEECNAIIEQFIDYLR
558,LADDRTLLMAGVSHDLRTPLTRIRLATWMMSEQDGYLAESINKDIEECNAIIEQFIDYLR
559,LADDRTLLMAGVSHDLRTPLTRIRLATYMMSEQDGYLAESINKDIEECNAIIEQFIDYLR
560,LADDRTLLMAGVSHDLRTPLTRIRLAT*MMSEQDGYLAESINKDIEECNAIIEQFIDYLR
561,LADDRTLLMAGVSHDLRTPLTRIRLATEAMSEQDGYLAESINKDIEECNAIIEQFIDYLR
562,LADDRTLLMAGVSHDLRTPLTRIRLATECMSEQDGYLAESINKDIEECNAIIEQFIDYLR
563,LADDRTLLMAGVSHDLRTPLTRIRLATEDMSEQDGYLAESINKDIEECNAIIEQFIDYLR
564,LADDRTLLMAGVSHDLRTPLTRIRLATEEMSEQDGYLAESINKDIEECNAIIEQFIDYLR
565,LADDRTLLMAGVSHDLRTPLTRIRLATEFMSEQDGYLAESINKDIEECNAIIEQFIDYLR
566,LADDRTLLMAGVSHDLRTPLTRIRLATEGMSEQDGYLAESINKDIEECNAIIEQFIDYLR
567,LADDRTLLMAGVSHDLRTPLTRIRLATEHMSEQDGYLAESINKDIEECNAIIEQFIDYLR
568,LADDRTLLMAGVSHDLRTPLTRIRLATEIMSEQDGYLAESINKDIEECNAIIEQFIDYLR
569,LADDRTLLMAGVSHDLRTPLTRIRLATEKMSEQDGYLAESINKDIEECNAIIEQFIDYLR
570,LADDRTLLMAGVSHDLRTPLTRIRLATELMSEQDGYLAESINKDIEECNAIIEQFIDYLR
571,LADDRTLLMAGVSHDLRTPLTRIRLATENMSEQDGYLAESINKDIEECNAIIEQFIDYLR
572,LADDRTLLMAGVSHDLRTPLTRIRLATEPMSEQDGYLAESINKDIEECNAIIEQFIDYLR
573,LADDRTLLMAGVSHDLRTPLTRIRLATEQMSEQDGYLAESINKDIEECNAIIEQFIDYLR
574,LADDRTLLMAGVSHDLRTPLTRIRLATERMSEQDGYLAESINKDIEECNAIIEQFIDYLR
575,LADDRTLLMAGVSHDLRTPLTRIRLATESMSEQDGYLAESINKDIEECNAIIEQFIDYLR
576,LADDRTLLMAGVSHDLRTPLTRIRLATETMSEQDGYLAESINKDIEECNAIIEQFIDYLR
577,LADDRTLLMAGVSHDLRTPLTRIRLATEVMSEQDGYLAESINKDIEECNAIIEQFIDYLR
578,LADDRTLLMAGVSHDLRTPLTRIRLATEWMSEQDGYLAESINKDIEECNAIIEQFIDYLR
579,LADDRTLLMAGVSHDLRTPLTRIRLATEYMSEQDGYLAESINKDIEECNAIIEQFIDYLR
580,LADDRTLLMAGVSHDLRTPLTRIRLATE*MSEQDGYLAESINKDIEECNAIIEQFIDYLR
581,LADDRTLLMAGVSHDLRTPLTRIRLATEMASEQDGYLAESINKDIEECNAIIEQFIDYLR
582,LADDRTLLMAGVSHDLRTPLTRIRLATEMCSEQDGYLAESINKDIEECNAIIEQFIDYLR
583,LADDRTLLMAGVSHDLRTPLTRIRLATEMDSEQDGYLAESINKDIEECNAIIEQFIDYLR
584,LADDRTLLMAGVSHDLRTPLTRIRLATEMESEQDGYLAESINKDIEECNAIIEQFIDYLR
585,LADDRTLLMAGVSHDLRTPLTRIRLATEMFSEQDGYLAESINKDIEECNAIIEQFIDYLR
586,LADDRTLLMAGVSHDLRTPLTRIRLATEMGSEQDGYLAESINKDIEECNAIIEQFIDYLR
587,LADDRTLLMAGVSHDLRTPLTRIRLATEMHSEQDGYLAESINKDIEECNAIIEQFIDYLR
588,LADDRTLLMAGVSHDLRTPLTRIRLATEMISEQDGYLAESINKDIEECNAIIEQFIDYLR
589,LADDRTLLMAGVSHDLRTPLTRIRLATEMKSEQDGYLAESINKDIEECNAIIEQFIDYLR
590,LADDRTLLMAGVSHDLRTPLTRIRLATEMLSEQDGYLAESINKDIEECNAIIEQFIDYLR
591,LADDRTLLMAGVSHDLRTPLTRIRLATEMNSEQDGYLAESINKDIEECNAIIEQFIDYLR
592,LADDRTLLMAGVSHDLRTPLTRIRLATEMPSEQDGYLAESINKDIEECNAIIEQFIDYLR
593,LADDRTLLMAGVSHDLRTPLTRIRLATEMQSEQDGYLAESINKDIEECNAIIEQFIDYLR
594,LADDRTLLMAGVSHDLRTPLTRIRLATEMRSEQDGYLAESINKDIEECNAIIEQFIDYLR
595,LADDRTLLMAGVSHDLRTPLTRIRLATEMSSEQDGYLAESINKDIEECNAIIEQFIDYLR
596,LADDRTLLMAGVSHDLRTPLTRIRLATEMTSEQDGYLAESINKDIEECNAIIEQFIDYLR
597,LADDRTLLMAGVSHDLRTPLTRIRLATEMVSEQDGYLAESINKDIEECNAIIEQFIDYLR
598,LADDRTLLMAGVSHDLRTPLTRIRLATEMWSEQDGYLAESINKDIEECNAIIEQFIDYLR
599,LADDRTLLMAGVSHDLRTPLTRIRLATEMYSEQDGYLAESINKDIEECNAIIEQFIDYLR
600,LADDRTLLMAGVSHDLRTPLTRIRLATEM*SEQDGYLAESINKDIEECNAIIEQFIDYLR
601,LADDRTLLMAGVSHDLRTPLTRIRLATEMMAEQDGYLAESINKDIEECNAIIEQFIDYLR
602,LADDRTLLMAGVSHDLRTPLTRIRLATEMMCEQDGYLAESINKDIEECNAIIEQFIDYLR
603,LADDRTLLMAGVSHDLRTPLTRIRLATEMMDEQDGYLAESINKDIEECNAIIEQFIDYLR
604,LADDRTLLMAGVSHDLRTPLTRIRLATEMMEEQDGYLAESINKDIEECNAIIEQFIDYLR
605,LADDRTLLMAGVSHDLRTPLTRIRLATEMMFEQDGYLAESINKDIEECNAIIEQFIDYLR
606,LADDRTLLMAGVSHDLRTPLTRIRLATEMMGEQDGYLAESINKDIEECNAIIEQFIDYLR
607,LADDRTLLMAGVSHDLRTPLTRIRLATEMMHEQDGYLAESINKDIEECNAIIEQFIDYLR
608,LADDRTLLMAGVSHDLRTPLTRIRLATEMMIEQDGYLAESINKDIEECNAIIEQFIDYLR
609,LADDRTLLMAGVSHDLRTPLTRIRLATEMMKEQDGYLAESINKDIEECNAIIEQFIDYLR
610,LADDRTLLMAGVSHDLRTPLTRIRLATEMMLEQDGYLAESINKDIEECNAIIEQFIDYLR
611,LADDRTLLMAGVSHDLRTPLTRIRLATEMMMEQDGYLAESINKDIEECNAIIEQFIDYLR
612,LADDRTLLMAGVSHDLRTPLTRIRLATEMMNEQDGYLAESINKDIEECNAIIEQFIDYLR
613,LADDRTLLMAGVSHDLRTPLTRIRLATEMMPEQDGYLAESINKDIEECNAIIEQFIDYLR
614,LADDRTLLMAGVSHDLRTPLTRIRLATEMMQEQDGYLAESINKDIEECNAIIEQFIDYLR
615,LADDRTLLMAGVSHDLRTPLTRIRLATEMMREQDGYLAESINKDIEECNAIIEQFIDYLR
616,LADDRTLLMAGVSHDLRTPLTRIRLATEMMTEQDGYLAESINKDIEECNAIIEQFIDYLR
617,LADDRTLLMAGVSHDLRTPLTRIRLATEMMVEQDGYLAESINKDIEECNAIIEQFIDYLR
618,LADDRTLLMAGVSHDLRTPLTRIRLATEMMWEQDGYLAESINKDIEECNAIIEQFIDYLR
619,LADDRTLLMAGVSHDLRTPLTRIRLATEMMYEQDGYLAESINKDIEECNAIIEQFIDYLR
620,LADDRTLLMAGVSHDLRTPLTRIRLATEMM*EQDGYLAESINKDIEECNAIIEQFIDYLR
621,LADDRTLLMAGVSHDLRTPLTRIRLATEMMSAQDGYLAESINKDIEECNAIIEQFIDYLR
622,LADDRTLLMAGVSHDLRTPLTRIRLATEMMSCQDGYLAESINKDIEECNAIIEQFIDYLR
623,LADDRTLLMAGVSHDLRTPLTRIRLATEMMSDQDGYLAESINKDIEECNAIIEQFIDYLR
624,LADDRTLLMAGVSHDLRTPLTRIRLATEMMSFQDGYLAESINKDIEECNAIIEQFIDYLR
625,LADDRTLLMAGVSHDLRTPLTRIRLATEMMSGQDGYLAESINKDIEECNAIIEQFIDYLR
626,LADDRTLLMAGVSHDLRTPLTRIRLATEMMSHQDGYLAESINKDIEECNAIIEQFIDYLR
627,LADDRTLLMAGVSHDLRTPLTRIRLATEMMSIQDGYLAESINKDIEECNAIIEQFIDYLR
628,LADDRTLLMAGVSHDLRTPLTRIRLATEMMSKQDGYLAESINKDIEECNAIIEQFIDYLR
629,LADDRTLLMAGVSHDLRTPLTRIRLATEMMSLQDGYLAESINKDIEECNAIIEQFIDYLR
630,LADDRTLLMAGVSHDLRTPLTRIRLATEMMSMQDGYLAESINKDIEECNAIIEQFIDYLR
631,LADDRTLLMAGVSHDLRTPLTRIRLATEMMSNQDGYLAESINKDIEECNAIIEQFIDYLR
632,LADDRTLLMAGVSHDLRTPLTRIRLATEMMSPQDGYLAESINKDIEECNAIIEQFIDYLR
633,LADDRTLLMAGVSHDLRTPLTRIRLATEMMSQQDGYLAESINKDIEECNAIIEQFIDYLR
634,LADDRTLLMAGVSHDLRTPLTRIRLATEMMSRQDGYLAESINKDIEECNAIIEQFIDYLR
635,LADDRTLLMAGVSHDLRTPLTRIRLATEMMSSQDGYLAESINKDIEECNAIIEQFIDYLR
636,LADDRTLLMAGVSHDLRTPLTRIRLATEMMSTQDGYLAESINKDIEECNAIIEQFIDYLR
637,LADDRTLLMAGVSHDLRTPLTRIRLATEMMSVQDGYLAESINKDIEECNAIIEQFIDYLR
638,LADDRTLLMAGVSHDLRTPLTRIRLATEMMSWQDGYLAESINKDIEECNAIIEQFIDYLR
639,LADDRTLLMAGVSHDLRTPLTRIRLATEMMSYQDGYLAESINKDIEECNAIIEQFIDYLR
640,LADDRTLLMAGVSHDLRTPLTRIRLATEMMS*QDGYLAESINKDIEECNAIIEQFIDYLR
641,LADDRTLLMAGVSHDLRTPLTRIRLATEMMSEADGYLAESINKDIEECNAIIEQFIDYLR
642,LADDRTLLMAGVSHDLRTPLTRIRLATEMMSECDGYLAESINKDIEECNAIIEQFIDYLR
643,LADDRTLLMAGVSHDLRTPLTRIRLATEMMSEDDGYLAESINKDIEECNAIIEQFIDYLR
644,LADDRTLLMAGVSHDLRTPLTRIRLATEMMSEEDGYLAESINKDIEECNAIIEQFIDYLR
645,LADDRTLLMAGVSHDLRTPLTRIRLATEMMSEFDGYLAESINKDIEECNAIIEQFIDYLR
646,LADDRTLLMAGVSHDLRTPLTRIRLATEMMSEGDGYLAESINKDIEECNAIIEQFIDYLR
647,LADDRTLLMAGVSHDLRTPLTRIRLATEMMSEHDGYLAESINKDIEECNAIIEQFIDYLR
648,LADDRTLLMAGVSHDLRTPLTRIRLATEMMSEIDGYLAESINKDIEECNAIIEQFIDYLR
649,LADDRTLLMAGVSHDLRTPLTRIRLATEMMSEKDGYLAESINKDIEECNAIIEQFIDYLR
650,LADDRTLLMAGVSHDLRTPLTRIRLATEMMSELDGYLAESINKDIEECNAIIEQFIDYLR
651,LADDRTLLMAGVSHDLRTPLTRIRLATEMMSEMDGYLAESINKDIEECNAIIEQFIDYLR
652,LADDRTLLMAGVSHDLRTPLTRIRLATEMMSENDGYLAESINKDIEECNAIIEQFIDYLR
653,LADDRTLLMAGVSHDLRTPLTRIRLATEMMSEPDGYLAESINKDIEECNAIIEQFIDYLR
654,LADDRTLLMAGVSHDLRTPLTRIRLATEMMSERDGYLAESINKDIEECNAIIEQFIDYLR
655,LADDRTLLMAGVSHDLRTPLTRIRLATEMMSESDGYLAESINKDIEECNAIIEQFIDYLR
656,LADDRTLLMAGVSHDLRTPLTRIRLATEMMSETDGYLAESINKDIEECNAIIEQFIDYLR
657,LADDRTLLMAGVSHDLRTPLTRIRLATEMMSEVDGYLAESINKDIEECNAIIEQFIDYLR
658,LADDRTLLMAGVSHDLRTPLTRIRLATEMMSEWDGYLAESINKDIEECNAIIEQFIDYLR
659,LADDRTLLMAGVSHDLRTPLTRIRLATEMMSEYDGYLAESINKDIEECNAIIEQFIDYLR
660,LADDRTLLMAGVSHDLRTPLTRIRLATEMMSE*DGYLAESINKDIEECNAIIEQFIDYLR
661,LADDRTLLMAGVSHDLRTPLTRIRLATEMMSEQAGYLAESINKDIEECNAIIEQFIDYLR
662,LADDRTLLMAGVSHDLRTPLTRIRLATEMMSEQCGYLAESINKDIEECNAIIEQFIDYLR
663,LADDRTLLMAGVSHDLRTPLTRIRLATEMMSEQEGYLAESINKDIEECNAIIEQFIDYLR
664,LADDRTLLMAGVSHDLRTPLTRIRLATEMMSEQFGYLAESINKDIEECNAIIEQFIDYLR
665,LADDRTLLMAGVSHDLRTPLTRIRLATEMMSEQGGYLAESINKDIEECNAIIEQFIDYLR
666,LADDRTLLMAGVSHDLRTPLTRIRLATEMMSEQHGYLAESINKDIEECNAIIEQFIDYLR
667,LADDRTLLMAGVSHDLRTPLTRIRLATEMMSEQIGYLAESINKDIEECNAIIEQFIDYLR
668,LADDRTLLMAGVSHDLRTPLTRIRLATEMMSEQKGYLAESINKDIEECNAIIEQFIDYLR
669,LADDRTLLMAGVSHDLRTPLTRIRLATEMMSEQLGYLAESINKDIEECNAIIEQFIDYLR
670,LADDRTLLMAGVSHDLRTPLTRIRLATEMMSEQMGYLAESINKDIEECNAIIEQFIDYLR
671,LADDRTLLMAGVSHDLRTPLTRIRLATEMMSEQNGYLAESINKDIEECNAIIEQFIDYLR
672,LADDRTLLMAGVSHDLRTPLTRIRLATEMMSEQPGYLAESINKDIEECNAIIEQFIDYLR
673,LADDRTLLMAGVSHDLRTPLTRIRLATEMMSEQQGYLAESINKDIEECNAIIEQFIDYLR
674,LADDRTLLMAGVSHDLRTPLTRIRLATEMMSEQRGYLAESINKDIEECNAIIEQFIDYLR
675,LADDRTLLMAGVSHDLRTPLTRIRLATEMMSEQSGYLAESINKDIEECNAIIEQFIDYLR
676,LADDRTLLMAGVSHDLRTPLTRIRLATEMMSEQTGYLAESINKDIEECNAIIEQFIDYLR
677,LADDRTLLMAGVSHDLRTPLTRIRLATEMMSEQVGYLAESINKDIEECNAIIEQFIDYLR
678,LADDRTLLMAGVSHDLRTPLTRIRLATEMMSEQWGYLAESINKDIEECNAIIEQFIDYLR
679,LADDRTLLMAGVSHDLRTPLTRIRLATEMMSEQYGYLAESINKDIEECNAIIEQFIDYLR
680,LADDRTLLMAGVSHDLRTPLTRIRLATEMMSEQ*GYLAESINKDIEECNAIIEQFIDYLR
681,LADDRTLLMAGVSHDLRTPLTRIRLATEMMSEQDAYLAESINKDIEECNAIIEQFIDYLR
682,LADDRTLLMAGVSHDLRTPLTRIRLATEMMSEQDCYLAESINKDIEECNAIIEQFIDYLR
683,LADDRTLLMAGVSHDLRTPLTRIRLATEMMSEQDDYLAESINKDIEECNAIIEQFIDYLR
684,LADDRTLLMAGVSHDLRTPLTRIRLATEMMSEQDEYLAESINKDIEECNAIIEQFIDYLR
685,LADDRTLLMAGVSHDLRTPLTRIRLATEMMSEQDFYLAESINKDIEECNAIIEQFIDYLR
686,LADDRTLLMAGVSHDLRTPLTRIRLATEMMSEQDHYLAESINKDIEECNAIIEQFIDYLR
687,LADDRTLLMAGVSHDLRTPLTRIRLATEMMSEQDIYLAESINKDIEECNAIIEQFIDYLR
688,LADDRTLLMAGVSHDLRTPLTRIRLATEMMSEQDKYLAESINKDIEECNAIIEQFIDYLR
689,LADDRTLLMAGVSHDLRTPLTRIRLATEMMSEQDLYLAESINKDIEECNAIIEQFIDYLR
690,LADDRTLLMAGVSHDLRTPLTRIRLATEMMSEQDMYLAESINKDIEECNAIIEQFIDYLR
691,LADDRTLLMAGVSHDLRTPLTRIRLATEMMSEQDNYLAESINKDIEECNAIIEQFIDYLR
692,LADDRTLLMAGVSHDLRTPLTRIRLATEMMSEQDPYLAESINKDIEECNAIIEQFIDYLR
693,LADDRTLLMAGVSHDLRTPLTRIRLATEMMSEQDQYLAESINKDIEECNAIIEQFIDYLR
694,LADDRTLLMAGVSHDLRTPLTRIRLATEMMSEQDRYLAESINKDIEECNAIIEQFIDYLR
695,LADDRTLLMAGVSHDLRTPLTRIRLATEMMSEQDSYLAESINKDIEECNAIIEQFIDYLR
696,LADDRTLLMAGVSHDLRTPLTRIRLATEMMSEQDTYLAESINKDIEECNAIIEQFIDYLR
697,LADDRTLLMAGVSHDLRTPLTRIRLATEMMSEQDVYLAESINKDIEECNAIIEQFIDYLR
698,LADDRTLLMAGVSHDLRTPLTRIRLATEMMSEQDWYLAESINKDIEECNAIIEQFIDYLR
699,LADDRTLLMAGVSHDLRTPLTRIRLATEMMSEQDYYLAESINKDIEECNAIIEQFIDYLR
700,LADDRTLLMAGVSHDLRTPLTRIRLATEMMSEQD*YLAESINKDIEECNAIIEQFIDYLR
701,LADDRTLLMAGVSHDLRTPLTRIRLATEMMSEQDGALAESINKDIEECNAIIEQFIDYLR
702,LADDRTLLMAGVSHDLRTPLTRIRLATEMMSEQDGCLAESINKDIEECNAIIEQFIDYLR
703,LADDRTLLMAGVSHDLRTPLTRIRLATEMMSEQDGDLAESINKDIEECNAIIEQFIDYLR
704,LADDRTLLMAGVSHDLRTPLTRIRLATEMMSEQDGELAESINKDIEECNAIIEQFIDYLR
705,LADDRTLLMAGVSHDLRTPLTRIRLATEMMSEQDGFLAESINKDIEECNAIIEQFIDYLR
706,LADDRTLLMAGVSHDLRTPLTRIRLATEMMSEQDGGLAESINKDIEECNAIIEQFIDYLR
707,LADDRTLLMAGVSHDLRTPLTRIRLATEMMSEQDGHLAESINKDIEECNAIIEQFIDYLR
708,LADDRTLLMAGVSHDLRTPLTRIRLATEMMSEQDGILAESINKDIEECNAIIEQFIDYLR
709,LADDRTLLMAGVSHDLRTPLTRIRLATEMMSEQDGKLAESINKDIEECNAIIEQFIDYLR
710,LADDRTLLMAGVSHDLRTPLTRIRLATEMMSEQDGLLAESINKDIEECNAIIEQFIDYLR
711,LADDRTLLMAGVSHDLRTPLTRIRLATEMMSEQDGMLAESINKDIEECNAIIEQFIDYLR
712,LADDRTLLMAGVSHDLRTPLTRIRLATEMMSEQDGNLAESINKDIEECNAIIEQFIDYLR
713,LADDRTLLMAGVSHDLRTPLTRIRLATEMMSEQDGPLAESINKDIEECNAIIEQFIDYLR
714,LADDRTLLMAGVSHDLRTPLTRIRLATEMMSEQDGQLAESINKDIEECNAIIEQFIDYLR
715,LADDRTLLMAGVSHDLRTPLTRIRLATEMMSEQDGRLAESINKDIEECNAIIEQFIDYLR
716,LADDRTLLMAGVSHDLRTPLTRIRLATEMMSEQDGSLAESINKDIEECNAIIEQFIDYLR
717,LADDRTLLMAGVSHDLRTPLTRIRLATEMMSEQDGTLAESINKDIEECNAIIEQFIDYLR
718,LADDRTLLMAGVSHDLRTPLTRIRLATEMMSEQDGVLAESINKDIEECNAIIEQFIDYLR
719,LADDRTLLMAGVSHDLRTPLTRIRLATEMMSEQDGWLAESINKDIEECNAIIEQFIDYLR
720,LADDRTLLMAGVSHDLRTPLTRIRLATEMMSEQDG*LAESINKDIEECNAIIEQFIDYLR
721,LADDRTLLMAGVSHDLRTPLTRIRLATEMMSEQDGYAAESINKDIEECNAIIEQFIDYLR
722,LADDRTLLMAGVSHDLRTPLTRIRLATEMMSEQDGYCAESINKDIEECNAIIEQFIDYLR
723,LADDRTLLMAGVSHDLRTPLTRIRLATEMMSEQDGYDAESINKDIEECNAIIEQFIDYLR
724,LADDRTLLMAGVSHDLRTPLTRIRLATEMMSEQDGYEAESINKDIEECNAIIEQFIDYLR
725,LADDRTLLMAGVSHDLRTPLTRIRLATEMMSEQDGYFAESINKDIEECNAIIEQFIDYLR
726,LADDRTLLMAGVSHDLRTPLTRIRLATEMMSEQDGYGAESINKDIEECNAIIEQFIDYLR
727,LADDRTLLMAGVSHDLRTPLTRIRLATEMMSEQDGYHAESINKDIEECNAIIEQFIDYLR
728,LADDRTLLMAGVSHDLRTPLTRIRLATEMMSEQDGYIAESINKDIEECNAIIEQFIDYLR
729,LADDRTLLMAGVSHDLRTPLTRIRLATEMMSEQDGYKAESINKDIEECNAIIEQFIDYLR
730,LADDRTLLMAGVSHDLRTPLTRIRLATEMMSEQDGYMAESINKDIEECNAIIEQFIDYLR
731,LADDRTLLMAGVSHDLRTPLTRIRLATEMMSEQDGYNAESINKDIEECNAIIEQFIDYLR
732,LADDRTLLMAGVSHDLRTPLTRIRLATEMMSEQDGYPAESINKDIEECNAIIEQFIDYLR
733,LADDRTLLMAGVSHDLRTPLTRIRLATEMMSEQDGYQAESINKDIEECNAIIEQFIDYLR
734,LADDRTLLMAGVSHDLRTPLTRIRLATEMMSEQDGYRAESINKDIEECNAIIEQFIDYLR
735,LADDRTLLMAGVSHDLRTPLTRIRLATEMMSEQDGYSAESINKDIEECNAIIEQFIDYLR
736,LADDRTLLMAGVSHDLRTPLTRIRLATEMMSEQDGYTAESINKDIEECNAIIEQFIDYLR
737,LADDRTLLMAGVSHDLRTPLTRIRLATEMMSEQDGYVAESINKDIEECNAIIEQFIDYLR
738,LADDRTLLMAGVSHDLRTPLTRIRLATEMMSEQDGYWAESINKDIEECNAIIEQFIDYLR
739,LADDRTLLMAGVSHDLRTPLTRIRLATEMMSEQDGYYAESINKDIEECNAIIEQFIDYLR
740,LADDRTLLMAGVSHDLRTPLTRIRLATEMMSEQDGY*AESINKDIEECNAIIEQFIDYLR
741,LADDRTLLMAGVSHDLRTPLTRIRLATEMMSEQDGYLCESINKDIEECNAIIEQFIDYLR
742,LADDRTLLMAGVSHDLRTPLTRIRLATEMMSEQDGYLDESINKDIEECNAIIEQFIDYLR
743,LADDRTLLMAGVSHDLRTPLTRIRLATEMMSEQDGYLEESINKDIEECNAIIEQFIDYLR
744,LADDRTLLMAGVSHDLRTPLTRIRLATEMMSEQDGYLFESINKDIEECNAIIEQFIDYLR
745,LADDRTLLMAGVSHDLRTPLTRIRLATEMMSEQDGYLGESINKDIEECNAIIEQFIDYLR
746,LADDRTLLMAGVSHDLRTPLTRIRLATEMMSEQDGYLHESINKDIEECNAIIEQFIDYLR
747,LADDRTLLMAGVSHDLRTPLTRIRLATEMMSEQDGYLIESINKDIEECNAIIEQFIDYLR
748,LADDRTLLMAGVSHDLRTPLTRIRLATEMMSEQDGYLKESINKDIEECNAIIEQFIDYLR
749,LADDRTLLMAGVSHDLRTPLTRIRLATEMMSEQDGYLLESINKDIEECNAIIEQFIDYLR
750,LADDRTLLMAGVSHDLRTPLTRIRLATEMMSEQDGYLMESINKDIEECNAIIEQFIDYLR
751,LADDRTLLMAGVSHDLRTPLTRIRLATEMMSEQDGYLNESINKDIEECNAIIEQFIDYLR
752,LADDRTLLMAGVSHDLRTPLTRIRLATEMMSEQDGYLPESINKDIEECNAIIEQFIDYLR
753,LADDRTLLMAGVSHDLRTPLTRIRLATEMMSEQDGYLQESINKDIEECNAIIEQFIDYLR
754,LADDRTLLMAGVSHDLRTPLTRIRLATEMMSEQDGYLRESINKDIEECNAIIEQFIDYLR
755,LADDRTLLMAGVSHDLRTPLTRIRLATEMMSEQDGYLSESINKDIEECNAIIEQFIDYLR
756,LADDRTLLMAGVSHDLRTPLTRIRLATEMMSEQDGYLTESINKDIEECNAIIEQFIDYLR
757,LADDRTLLMAGVSHDLRTPLTRIRLATEMMSEQDGYLVESINKDIEECNAIIEQFIDYLR
758,LADDRTLLMAGVSHDLRTPLTRIRLATEMMSEQDGYLWESINKDIEECNAIIEQFIDYLR
759,LADDRTLLMAGVSHDLRTPLTRIRLATEMMSEQDGYLYESINKDIEECNAIIEQFIDYLR
760,LADDRTLLMAGVSHDLRTPLTRIRLATEMMSEQDGYL*ESINKDIEECNAIIEQFIDYLR
761,LADDRTLLMAGVSHDLRTPLTRIRLATEMMSEQDGYLAASINKDIEECNAIIEQFIDYLR
762,LADDRTLLMAGVSHDLRTPLTRIRLATEMMSEQDGYLACSINKDIEECNAIIEQFIDYLR
763,LADDRTLLMAGVSHDLRTPLTRIRLATEMMSEQDGYLADSINKDIEECNAIIEQFIDYLR
764,LADDRTLLMAGVSHDLRTPLTRIRLATEMMSEQDGYLAFSINKDIEECNAIIEQFIDYLR
765,LADDRTLLMAGVSHDLRTPLTRIRLATEMMSEQDGYLAGSINKDIEECNAIIEQFIDYLR
766,LADDRTLLMAGVSHDLRTPLTRIRLATEMMSEQDGYLAHSINKDIEECNAIIEQFIDYLR
767,LADDRTLLMAGVSHDLRTPLTRIRLATEMMSEQDGYLAISINKDIEECNAIIEQFIDYLR
768,LADDRTLLMAGVSHDLRTPLTRIRLATEMMSEQDGYLAKSINKDIEECNAIIEQFIDYLR
769,LADDRTLLMAGVSHDLRTPLTRIRLATEMMSEQDGYLALSINKDIEECNAIIEQFIDYLR
770,LADDRTLLMAGVSHDLRTPLTRIRLATEMMSEQDGYLAMSINKDIEECNAIIEQFIDYLR
771,LADDRTLLMAGVSHDLRTPLTRIRLATEMMSEQDGYLANSINKDIEECNAIIEQFIDYLR
772,LADDRTLLMAGVSHDLRTPLTRIRLATEMMSEQDGYLAPSINKDIEECNAIIEQFIDYLR
773,LADDRTLLMAGVSHDLRTPLTRIRLATEMMSEQDGYLAQSINKDIEECNAIIEQFIDYLR
774,LADDRTLLMAGVSHDLRTPLTRIRLATEMMSEQDGYLARSINKDIEECNAIIEQFIDYLR
775,LADDRTLLMAGVSHDLRTPLTRIRLATEMMSEQDGYLASSINKDIEECNAIIEQFIDYLR
776,LADDRTLLMAGVSHDLRTPLTRIRLATEMMSEQDGYLATSINKDIEECNAIIEQFIDYLR
777,LADDRTLLMAGVSHDLRTPLTRIRLATEMMSEQDGYLAVSINKDIEECNAIIEQFIDYLR
778,LADDRTLLMAGVSHDLRTPLTRIRLATEMMSEQDGYLAWSINKDIEECNAIIEQFIDYLR
779,LADDRTLLMAGVSHDLRTPLTRIRLATEMMSEQDGYLAYSINKDIEECNAIIEQFIDYLR
780,LADDRTLLMAGVSHDLRTPLTRIRLATEMMSEQDGYLA*SINKDIEECNAIIEQFIDYLR
781,LADDRTLLMAGVSHDLRTPLTRIRLATEMMSEQDGYLAEAINKDIEECNAIIEQFIDYLR
782,LADDRTLLMAGVSHDLRTPLTRIRLATEMMSEQDGYLAECINKDIEECNAIIEQFIDYLR
783,LADDRTLLMAGVSHDLRTPLTRIRLATEMMSEQDGYLAEDINKDIEECNAIIEQFIDYLR
784,LADDRTLLMAGVSHDLRTPLTRIRLATEMMSEQDGYLAEEINKDIEECNAIIEQFIDYLR
785,LADDRTLLMAGVSHDLRTPLTRIRLATEMMSEQDGYLAEFINKDIEECNAIIEQFIDYLR
786,LADDRTLLMAGVSHDLRTPLTRIRLATEMMSEQDGYLAEGINKDIEECNAIIEQFIDYLR
787,LADDRTLLMAGVSHDLRTPLTRIRLATEMMSEQDGYLAEHINKDIEECNAIIEQFIDYLR
788,LADDRTLLMAGVSHDLRTPLTRIRLATEMMSEQDGYLAEIINKDIEECNAIIEQFIDYLR
789,LADDRTLLMAGVSHDLRTPLTRIRLATEMMSEQDGYLAEKINKDIEECNAIIEQFIDYLR
790,LADDRTLLMAGVSHDLRTPLTRIRLATEMMSEQDGYLAELINKDIEECNAIIEQFIDYLR
791,LADDRTLLMAGVSHDLRTPLTRIRLATEMMSEQDGYLAEMINKDIEECNAIIEQFIDYLR
792,LADDRTLLMAGVSHDLRTPLTRIRLATEMMSEQDGYLAENINKDIEECNAIIEQFIDYLR
793,LADDRTLLMAGVSHDLRTPLTRIRLATEMMSEQDGYLAEPINKDIEECNAIIEQFIDYLR
794,LADDRTLLMAGVSHDLRTPLTRIRLATEMMSEQDGYLAEQINKDIEECNAIIEQFIDYLR
795,LADDRTLLMAGVSHDLRTPLTRIRLATEMMSEQDGYLAERINKDIEECNAIIEQFIDYLR
796,LADDRTLLMAGVSHDLRTPLTRIRLATEMMSEQDGYLAETINKDIEECNAIIEQFIDYLR
797,LADDRTLLMAGVSHDLRTPLTRIRLATEMMSEQDGYLAEVINKDIEECNAIIEQFIDYLR
798,LADDRTLLMAGVSHDLRTPLTRIRLATEMMSEQDGYLAEWINKDIEECNAIIEQFIDYLR
799,LADDRTLLMAGVSHDLRTPLTRIRLATEMMSEQDGYLAEYINKDIEECNAIIEQFIDYLR
800,LADDRTLLMAGVSHDLRTPLTRIRLATEMMSEQDGYLAE*INKDIEECNAIIEQFIDYLR
801,LADDRTLLMAGVSHDLRTPLTRIRLATEMMSEQDGYLAESANKDIEECNAIIEQFIDYLR
802,LADDRTLLMAGVSHDLRTPLTRIRLATEMMSEQDGYLAESCNKDIEECNAIIEQFIDYLR
803,LADDRTLLMAGVSHDLRTPLTRIRLATEMMSEQDGYLAESDNKDIEECNAIIEQFIDYLR
804,LADDRTLLMAGVSHDLRTPLTRIRLATEMMSEQDGYLAESENKDIEECNAIIEQFIDYLR
805,LADDRTLLMAGVSHDLRTPLTRIRLATEMMSEQDGYLAESFNKDIEECNAIIEQFIDYLR
806,LADDRTLLMAGVSHDLRTPLTRIRLATEMMSEQDGYLAESGNKDIEECNAIIEQFIDYLR
807,LADDRTLLMAGVSHDLRTPLTRIRLATEMMSEQDGYLAESHNKDIEECNAIIEQFIDYLR
808,LADDRTLLMAGVSHDLRTPLTRIRLATEMMSEQDGYLAESKNKDIEECNAIIEQFIDYLR
809,LADDRTLLMAGVSHDLRTPLTRIRLATEMMSEQDGYLAESLNKDIEECNAIIEQFIDYLR
810,LADDRTLLMAGVSHDLRTPLTRIRLATEMMSEQDGYLAESMNKDIEECNAIIEQFIDYLR
811,LADDRTLLMAGVSHDLRTPLTRIRLATEMMSEQDGYLAESNNKDIEECNAIIEQFIDYLR
812,LADDRTLLMAGVSHDLRTPLTRIRLATEMMSEQDGYLAESPNKDIEECNAIIEQFIDYLR
813,LADDRTLLMAGVSHDLRTPLTRIRLATEMMSEQDGYLAESQNKDIEECNAIIEQFIDYLR
814,LADDRTLLMAGVSHDLRTPLTRIRLATEMMSEQDGYLAESRNKDIEECNAIIEQFIDYLR
815,LADDRTLLMAGVSHDLRTPLTRIRLATEMMSEQDGYLAESSNKDIEECNAIIEQFIDYLR
816,LADDRTLLMAGVSHDLRTPLTRIRLATEMMSEQDGYLAESTNKDIEECNAIIEQFIDYLR
817,LADDRTLLMAGVSHDLRTPLTRIRLATEMMSEQDGYLAESVNKDIEECNAIIEQFIDYLR
818,LADDRTLLMAGVSHDLRTPLTRIRLATEMMSEQDGYLAESWNKDIEECNAIIEQFIDYLR
819,LADDRTLLMAGVSHDLRTPLTRIRLATEMMSEQDGYLAESYNKDIEECNAIIEQFIDYLR
820,LADDRTLLMAGVSHDLRTPLTRIRLATEMMSEQDGYLAES*NKDIEECNAIIEQFIDYLR
821,LADDRTLLMAGVSHDLRTPLTRIRLATEMMSEQDGYLAESIAKDIEECNAIIEQFIDYLR
822,LADDRTLLMAGVSHDLRTPLTRIRLATEMMSEQDGYLAESICKDIEECNAIIEQFIDYLR
823,LADDRTLLMAGVSHDLRTPLTRIRLATEMMSEQDGYLAESIDKDIEECNAIIEQFIDYLR
824,LADDRTLLMAGVSHDLRTPLTRIRLATEMMSEQDGYLAESIEKDIEECNAIIEQFIDYLR
825,LADDRTLLMAGVSHDLRTPLTRIRLATEMMSEQDGYLAESIFKDIEECNAIIEQFIDYLR
826,LADDRTLLMAGVSHDLRTPLTRIRLATEMMSEQDGYLAESIGKDIEECNAIIEQFIDYLR
827,LADDRTLLMAGVSHDLRTPLTRIRLATEMMSEQDGYLAESIHKDIEECNAIIEQFIDYLR
828,LADDRTLLMAGVSHDLRTPLTRIRLATEMMSEQDGYLAESIIKDIEECNAIIEQFIDYLR
829,LADDRTLLMAGVSHDLRTPLTRIRLATEMMSEQDGYLAESIKKDIEECNAIIEQFIDYLR
830,LADDRTLLMAGVSHDLRTPLTRIRLATEMMSEQDGYLAESILKDIEECNAIIEQFIDYLR
831,LADDRTLLMAGVSHDLRTPLTRIRLATEMMSEQDGYLAESIMKDIEECNAIIEQFIDYLR
832,LADDRTLLMAGVSHDLRTPLTRIRLATEMMSEQDGYLAESIPKDIEECNAIIEQFIDYLR
833,LADDRTLLMAGVSHDLRTPLTRIRLATEMMSEQDGYLAESIQKDIEECNAIIEQFIDYLR
834,LADDRTLLMAGVSHDLRTPLTRIRLATEMMSEQDGYLAESIRKDIEECNAIIEQFIDYLR
835,LADDRTLLMAGVSHDLRTPLTRIRLATEMMSEQDGYLAESISKDIEECNAIIEQFIDYLR
836,LADDRTLLMAGVSHDLRTPLTRIRLATEMMSEQDGYLAESITKDIEECNAIIEQFIDYLR
837,LADDRTLLMAGVSHDLRTPLTRIRLATEMMSEQDGYLAESIVKDIEECNAIIEQFIDYLR
838,LADDRTLLMAGVSHDLRTPLTRIRLATEMMSEQDGYLAESIWKDIEECNAIIEQFIDYLR
839,LADDRTLLMAGVSHDLRTPLTRIRLATEMMSEQDGYLAESIYKDIEECNAIIEQFIDYLR
840,LADDRTLLMAGVSHDLRTPLTRIRLATEMMSEQDGYLAESI*KDIEECNAIIEQFIDYLR
841,LADDRTLLMAGVSHDLRTPLTRIRLATEMMSEQDGYLAESINADIEECNAIIEQFIDYLR
842,LADDRTLLMAGVSHDLRTPLTRIRLATEMMSEQDGYLAESINCDIEECNAIIEQFIDYLR
843,LADDRTLLMAGVSHDLRTPLTRIRLATEMMSEQDGYLAESINDDIEECNAIIEQFIDYLR
844,LADDRTLLMAGVSHDLRTPLTRIRLATEMMSEQDGYLAESINEDIEECNAIIEQFIDYLR
845,LADDRTLLMAGVSHDLRTPLTRIRLATEMMSEQDGYLAESINFDIEECNAIIEQFIDYLR
846,LADDRTLLMAGVSHDLRTPLTRIRLATEMMSEQDGYLAESINGDIEECNAIIEQFIDYLR
847,LADDRTLLMAGVSHDLRTPLTRIRLATEMMSEQDGYLAESINHDIEECNAIIEQFIDYLR
848,LADDRTLLMAGVSHDLRTPLTRIRLATEMMSEQDGYLAESINIDIEECNAIIEQFIDYLR
849,LADDRTLLMAGVSHDLRTPLTRIRLATEMMSEQDGYLAESINLDIEECNAIIEQFIDYLR
850,LADDRTLLMAGVSHDLRTPLTRIRLATEMMSEQDGYLAESINMDIEECNAIIEQFIDYLR
851,LADDRTLLMAGVSHDLRTPLTRIRLATEMMSEQDGYLAESINNDIEECNAIIEQFIDYLR
852,LADDRTLLMAGVSHDLRTPLTRIRLATEMMSEQDGYLAESINPDIEECNAIIEQFIDYLR
853,LADDRTLLMAGVSHDLRTPLTRIRLATEMMSEQDGYLAESINQDIEECNAIIEQFIDYLR
854,LADDRTLLMAGVSHDLRTPLTRIRLATEMMSEQDGYLAESINRDIEECNAIIEQFIDYLR
855,LADDRTLLMAGVSHDLRTPLTRIRLATEMMSEQDGYLAESINSDIEECNAIIEQFIDYLR
856,LADDRTLLMAGVSHDLRTPLTRIRLATEMMSEQDGYLAESINTDIEECNAIIEQFIDYLR
857,LADDRTLLMAGVSHDLRTPLTRIRLATEMMSEQDGYLAESINVDIEECNAIIEQFIDYLR
858,LADDRTLLMAGVSHDLRTPLTRIRLATEMMSEQDGYLAESINWDIEECNAIIEQFIDYLR
859,LADDRTLLMAGVSHDLRTPLTRIRLATEMMSEQDGYLAESINYDIEECNAIIEQFIDYLR
860,LADDRTLLMAGVSHDLRTPLTRIRLATEMMSEQDGYLAESIN*DIEECNAIIEQFIDYLR
861,LADDRTLLMAGVSHDLRTPLTRIRLATEMMSEQDGYLAESINKAIEECNAIIEQFIDYLR
862,LADDRTLLMAGVSHDLRTPLTRIRLATEMMSEQDGYLAESINKCIEECNAIIEQFIDYLR
863,LADDRTLLMAGVSHDLRTPLTRIRLATEMMSEQDGYLAESINKEIEECNAIIEQFIDYLR
864,LADDRTLLMAGVSHDLRTPLTRIRLATEMMSEQDGYLAESINKFIEECNAIIEQFIDYLR
865,LADDRTLLMAGVSHDLRTPLTRIRLATEMMSEQDGYLAESINKGIEECNAIIEQFIDYLR
866,LADDRTLLMAGVSHDLRTPLTRIRLATEMMSEQDGYLAESINKHIEECNAIIEQFIDYLR
867,LADDRTLLMAGVSHDLRTPLTRIRLATEMMSEQDGYLAESINKIIEECNAIIEQFIDYLR
868,LADDRTLLMAGVSHDLRTPLTRIRLATEMMSEQDGYLAESINKKIEECNAIIEQFIDYLR
869,LADDRTLLMAGVSHDLRTPLTRIRLATEMMSEQDGYLAESINKLIEECNAIIEQFIDYLR
870,LADDRTLLMAGVSHDLRTPLTRIRLATEMMSEQDGYLAESINKMIEECNAIIEQFIDYLR
871,LADDRTLLMAGVSHDLRTPLTRIRLATEMMSEQDGYLAESINKNIEECNAIIEQFIDYLR
872,LADDRTLLMAGVSHDLRTPLTRIRLATEMMSEQDGYLAESINKPIEECNAIIEQFIDYLR
873,LADDRTLLMAGVSHDLRTPLTRIRLATEMMSEQDGYLAESINKQIEECNAIIEQFIDYLR
874,LADDRTLLMAGVSHDLRTPLTRIRLATEMMSEQDGYLAESINKRIEECNAIIEQFIDYLR
875,LADDRTLLMAGVSHDLRTPLTRIRLATEMMSEQDGYLAESINKSIEECNAIIEQFIDYLR
876,LADDRTLLMAGVSHDLRTPLTRIRLATEMMSEQDGYLAESINKTIEECNAIIEQFIDYLR
877,LADDRTLLMAGVSHDLRTPLTRIRLATEMMSEQDGYLAESINKVIEECNAIIEQFIDYLR
878,LADDRTLLMAGVSHDLRTPLTRIRLATEMMSEQDGYLAESINKWIEECNAIIEQFIDYLR
879,LADDRTLLMAGVSHDLRTPLTRIRLATEMMSEQDGYLAESINKYIEECNAIIEQFIDYLR
880,LADDRTLLMAGVSHDLRTPLTRIRLATEMMSEQDGYLAESINK*IEECNAIIEQFIDYLR
881,LADDRTLLMAGVSHDLRTPLTRIRLATEMMSEQDGYLAESINKDAEECNAIIEQFIDYLR
882,LADDRTLLMAGVSHDLRTPLTRIRLATEMMSEQDGYLAESINKDCEECNAIIEQFIDYLR
883,LADDRTLLMAGVSHDLRTPLTRIRLATEMMSEQDGYLAESINKDDEECNAIIEQFIDYLR
884,LADDRTLLMAGVSHDLRTPLTRIRLATEMMSEQDGYLAESINKDEEECNAIIEQFIDYLR
885,LADDRTLLMAGVSHDLRTPLTRIRLATEMMSEQDGYLAESINKDFEECNAIIEQFIDYLR
886,LADDRTLLMAGVSHDLRTPLTRIRLATEMMSEQDGYLAESINKDGEECNAIIEQFIDYLR
887,LADDRTLLMAGVSHDLRTPLTRIRLATEMMSEQDGYLAESINKDHEECNAIIEQFIDYLR
888,LADDRTLLMAGVSHDLRTPLTRIRLATEMMSEQDGYLAESINKDKEECNAIIEQFIDYLR
889,LADDRTLLMAGVSHDLRTPLTRIRLATEMMSEQDGYLAESINKDLEECNAIIEQFIDYLR
890,LADDRTLLMAGVSHDLRTPLTRIRLATEMMSEQDGYLAESINKDMEECNAIIEQFIDYLR
891,LADDRTLLMAGVSHDLRTPLTRIRLATEMMSEQDGYLAESINKDNEECNAIIEQFIDYLR
892,LADDRTLLMAGVSHDLRTPLTRIRLATEMMSEQDGYLAESINKDPEECNAIIEQFIDYLR
893,LADDRTLLMAGVSHDLRTPLTRIRLATEMMSEQDGYLAESINKDQEECNAIIEQFIDYLR
894,LADDRTLLMAGVSHDLRTPLTRIRLATEMMSEQDGYLAESINKDREECNAIIEQFIDYLR
895,LADDRTLLMAGVSHDLRTPLTRIRLATEMMSEQDGYLAESINKDSEECNAIIEQFIDYLR
896,LADDRTLLMAGVSHDLRTPLTRIRLATEMMSEQDGYLAESINKDTEECNAIIEQFIDYLR
897,LADDRTLLMAGVSHDLRTPLTRIRLATEMMSEQDGYLAESINKDVEECNAIIEQFIDYLR
898,LADDRTLLMAGVSHDLRTPLTRIRLATEMMSEQDGYLAESINKDWEECNAIIEQFIDYLR
899,LADDRTLLMAGVSHDLRTPLTRIRLATEMMSEQDGYLAESINKDYEECNAIIEQFIDYLR
900,LADDRTLLMAGVSHDLRTPLTRIRLATEMMSEQDGYLAESINKD*EECNAIIEQFIDYLR
901,LADDRTLLMAGVSHDLRTPLTRIRLATEMMSEQDGYLAESINKDIAECNAIIEQFIDYLR
902,LADDRTLLMAGVSHDLRTPLTRIRLATEMMSEQDGYLAESINKDICECNAIIEQFIDYLR
903,LADDRTLLMAGVSHDLRTPLTRIRLATEMMSEQDGYLAESINKDIDECNAIIEQFIDYLR
904,LADDRTLLMAGVSHDLRTPLTRIRLATEMMSEQDGYLAESINKDIFECNAIIEQFIDYLR
905,LADDRTLLMAGVSHDLRTPLTRIRLATEMMSEQDGYLAESINKDIGECNAIIEQFIDYLR
906,LADDRTLLMAGVSHDLRTPLTRIRLATEMMSEQDGYLAESINKDIHECNAIIEQFIDYLR
907,LADDRTLLMAGVSHDLRTPLTRIRLATEMMSEQDGYLAESINKDIIECNAIIEQFIDYLR
908,LADDRTLLMAGVSHDLRTPLTRIRLATEMMSEQDGYLAESINKDIKECNAIIEQFIDYLR
909,LADDRTLLMAGVSHDLRTPLTRIRLATEMMSEQDGYLAESINKDILECNAIIEQFIDYLR
910,LADDRTLLMAGVSHDLRTPLTRIRLATEMMSEQDGYLAESINKDIMECNAIIEQFIDYLR
911,LADDRTLLMAGVSHDLRTPLTRIRLATEMMSEQDGYLAESINKDINECNAIIEQFIDYLR
912,LADDRTLLMAGVSHDLRTPLTRIRLATEMMSEQDGYLAESINKDIPECNAIIEQFIDYLR
913,LADDRTLLMAGVSHDLRTPLTRIRLATEMMSEQDGYLAESINKDIQECNAIIEQFIDYLR
914,LADDRTLLMAGVSHDLRTPLTRIRLATEMMSEQDGYLAESINKDIRECNAIIEQFIDYLR
915,LADDRTLLMAGVSHDLRTPLTRIRLATEMMSEQDGYLAESINKDISECNAIIEQFIDYLR
916,LADDRTLLMAGVSHDLRTPLTRIRLATEMMSEQDGYLAESINKDITECNAIIEQFIDYLR
917,LADDRTLLMAGVSHDLRTPLTRIRLATEMMSEQDGYLAESINKDIVECNAIIEQFIDYLR
918,LADDRTLLMAGVSHDLRTPLTRIRLATEMMSEQDGYLAESINKDIWECNAIIEQFIDYLR
919,LADDRTLLMAGVSHDLRTPLTRIRLATEMMSEQDGYLAESINKDIYECNAIIEQFIDYLR
920,LADDRTLLMAGVSHDLRTPLTRIRLATEMMSEQDGYLAESINKDI*ECNAIIEQFIDYLR
921,LADDRTLLMAGVSHDLRTPLTRIRLATEMMSEQDGYLAESINKDIEACNAIIEQFIDYLR
922,LADDRTLLMAGVSHDLRTPLTRIRLATEMMSEQDGYLAESINKDIECCNAIIEQFIDYLR
923,LADDRTLLMAGVSHDLRTPLTRIRLATEMMSEQDGYLAESINKDIEDCNAIIEQFIDYLR
924,LADDRTLLMAGVSHDLRTPLTRIRLATEMMSEQDGYLAESINKDIEFCNAIIEQFIDYLR
925,LADDRTLLMAGVSHDLRTPLTRIRLATEMMSEQDGYLAESINKDIEGCNAIIEQFIDYLR
926,LADDRTLLMAGVSHDLRTPLTRIRLATEMMSEQDGYLAESINKDIEHCNAIIEQFIDYLR
927,LADDRTLLMAGVSHDLRTPLTRIRLATEMMSEQDGYLAESINKDIEICNAIIEQFIDYLR
928,LADDRTLLMAGVSHDLRTPLTRIRLATEMMSEQDGYLAESINKDIEKCNAIIEQFIDYLR
929,LADDRTLLMAGVSHDLRTPLTRIRLATEMMSEQDGYLAESINKDIELCNAIIEQFIDYLR
930,LADDRTLLMAGVSHDLRTPLTRIRLATEMMSEQDGYLAESINKDIEMCNAIIEQFIDYLR
931,LADDRTLLMAGVSHDLRTPLTRIRLATEMMSEQDGYLAESINKDIENCNAIIEQFIDYLR
932,LADDRTLLMAGVSHDLRTPLTRIRLATEMMSEQDGYLAESINKDIEPCNAIIEQFIDYLR
933,LADDRTLLMAGVSHDLRTPLTRIRLATEMMSEQDGYLAESINKDIEQCNAIIEQFIDYLR
934,LADDRTLLMAGVSHDLRTPLTRIRLATEMMSEQDGYLAESINKDIERCNAIIEQFIDYLR
935,LADDRTLLMAGVSHDLRTPLTRIRLATEMMSEQDGYLAESINKDIESCNAIIEQFIDYLR
936,LADDRTLLMAGVSHDLRTPLTRIRLATEMMSEQDGYLAESINKDIETCNAIIEQFIDYLR
937,LADDRTLLMAGVSHDLRTPLTRIRLATEMMSEQDGYLAESINKDIEVCNAIIEQFIDYLR
938,LADDRTLLMAGVSHDLRTPLTRIRLATEMMSEQDGYLAESINKDIEWCNAIIEQFIDYLR
939,LADDRTLLMAGVSHDLRTPLTRIRLATEMMSEQDGYLAESINKDIEYCNAIIEQFIDYLR
940,LADDRTLLMAGVSHDLRTPLTRIRLATEMMSEQDGYLAESINKDIE*CNAIIEQFIDYLR
941,LADDRTLLMAGVSHDLRTPLTRIRLATEMMSEQDGYLAESINKDIEEANAIIEQFIDYLR
942,LADDRTLLMAGVSHDLRTPLTRIRLATEMMSEQDGYLAESINKDIEEDNAIIEQFIDYLR
943,LADDRTLLMAGVSHDLRTPLTRIRLATEMMSEQDGYLAESINKDIEEENAIIEQFIDYLR
944,LADDRTLLMAGVSHDLRTPLTRIRLATEMMSEQDGYLAESINKDIEEFNAIIEQFIDYLR
945,LADDRTLLMAGVSHDLRTPLTRIRLATEMMSEQDGYLAESINKDIEEGNAIIEQFIDYLR
946,LADDRTLLMAGVSHDLRTPLTRIRLATEMMSEQDGYLAESINKDIEEHNAIIEQFIDYLR
947,LADDRTLLMAGVSHDLRTPLTRIRLATEMMSEQDGYLAESINKDIEEINAIIEQFIDYLR
948,LADDRTLLMAGVSHDLRTPLTRIRLATEMMSEQDGYLAESINKDIEEKNAIIEQFIDYLR
949,LADDRTLLMAGVSHDLRTPLTRIRLATEMMSEQDGYLAESINKDIEELNAIIEQFIDYLR
950,LADDRTLLMAGVSHDLRTPLTRIRLATEMMSEQDGYLAESINKDIEEMNAIIEQFIDYLR
951,LADDRTLLMAGVSHDLRTPLTRIRLATEMMSEQDGYLAESINKDIEENNAIIEQFIDYLR
952,LADDRTLLMAGVSHDLRTPLTRIRLATEMMSEQDGYLAESINKDIEEPNAIIEQFIDYLR
953,LADDRTLLMAGVSHDLRTPLTRIRLATEMMSEQDGYLAESINKDIEEQNAIIEQFIDYLR
954,LADDRTLLMAGVSHDLRTPLTRIRLATEMMSEQDGYLAESINKDIEERNAIIEQFIDYLR
955,LADDRTLLMAGVSHDLRTPLTRIRLATEMMSEQDGYLAESINKDIEESNAIIEQFIDYLR
956,LADDRTLLMAGVSHDLRTPLTRIRLATEMMSEQDGYLAESINKDIEETNAIIEQFIDYLR
957,LADDRTLLMAGVSHDLRTPLTRIRLATEMMSEQDGYLAESINKDIEEVNAIIEQFIDYLR
958,LADDRTLLMAGVSHDLRTPLTRIRLATEMMSEQDGYLAESINKDIEEWNAIIEQFIDYLR
959,LADDRTLLMAGVSHDLRTPLTRIRLATEMMSEQDGYLAESINKDIEEYNAIIEQFIDYLR
960,LADDRTLLMAGVSHDLRTPLTRIRLATEMMSEQDGYLAESINKDIEE*NAIIEQFIDYLR
961,LADDRTLLMAGVSHDLRTPLTRIRLATEMMSEQDGYLAESINKDIEECAAIIEQFIDYLR
962,LADDRTLLMAGVSHDLRTPLTRIRLATEMMSEQDGYLAESINKDIEECCAIIEQFIDYLR
963,LADDRTLLMAGVSHDLRTPLTRIRLATEMMSEQDGYLAESINKDIEECDAIIEQFIDYLR
964,LADDRTLLMAGVSHDLRTPLTRIRLATEMMSEQDGYLAESINKDIEECEAIIEQFIDYLR
965,LADDRTLLMAGVSHDLRTPLTRIRLATEMMSEQDGYLAESINKDIEECFAIIEQFIDYLR
966,LADDRTLLMAGVSHDLRTPLTRIRLATEMMSEQDGYLAESINKDIEECGAIIEQFIDYLR
967,LADDRTLLMAGVSHDLRTPLTRIRLATEMMSEQDGYLAESINKDIEECHAIIEQFIDYLR
968,LADDRTLLMAGVSHDLRTPLTRIRLATEMMSEQDGYLAESINKDIEECIAIIEQFIDYLR
969,LADDRTLLMAGVSHDLRTPLTRIRLATEMMSEQDGYLAESINKDIEECKAIIEQFIDYLR
970,LADDRTLLMAGVSHDLRTPLTRIRLATEMMSEQDGYLAESINKDIEECLAIIEQFIDYLR
971,LADDRTLLMAGVSHDLRTPLTRIRLATEMMSEQDGYLAESINKDIEECMAIIEQFIDYLR
972,LADDRTLLMAGVSHDLRTPLTRIRLATEMMSEQDGYLAESINKDIEECPAIIEQFIDYLR
973,LADDRTLLMAGVSHDLRTPLTRIRLATEMMSEQDGYLAESINKDIEECQAIIEQFIDYLR
974,LADDRTLLMAGVSHDLRTPLTRIRLATEMMSEQDGYLAESINKDIEECRAIIEQFIDYLR
975,LADDRTLLMAGVSHDLRTPLTRIRLATEMMSEQDGYLAESINKDIEECSAIIEQFIDYLR
976,LADDRTLLMAGVSHDLRTPLTRIRLATEMMSEQDGYLAESINKDIEECTAIIEQFIDYLR
977,LADDRTLLMAGVSHDLRTPLTRIRLATEMMSEQDGYLAESINKDIEECVAIIEQFIDYLR
978,LADDRTLLMAGVSHDLRTPLTRIRLATEMMSEQDGYLAESINKDIEECWAIIEQFIDYLR
979,LADDRTLLMAGVSHDLRTPLTRIRLATEMMSEQDGYLAESINKDIEECYAIIEQFIDYLR
980,LADDRTLLMAGVSHDLRTPLTRIRLATEMMSEQDGYLAESINKDIEEC*AIIEQFIDYLR
981,LADDRTLLMAGVSHDLRTPLTRIRLATEMMSEQDGYLAESINKDIEECNCIIEQFIDYLR
982,LADDRTLLMAGVSHDLRTPLTRIRLATEMMSEQDGYLAESINKDIEECNDIIEQFIDYLR
983,LADDRTLLMAGVSHDLRTPLTRIRLATEMMSEQDGYLAESINKDIEECNEIIEQFIDYLR
984,LADDRTLLMAGVSHDLRTPLTRIRLATEMMSEQDGYLAESINKDIEECNFIIEQFIDYLR
985,LADDRTLLMAGVSHDLRTPLTRIRLATEMMSEQDGYLAESINKDIEECNGIIEQFIDYLR
986,LADDRTLLMAGVSHDLRTPLTRIRLATEMMSEQDGYLAESINKDIEECNHIIEQFIDYLR
987,LADDRTLLMAGVSHDLRTPLTRIRLATEMMSEQDGYLAESINKDIEECNIIIEQFIDYLR
988,LADDRTLLMAGVSHDLRTPLTRIRLATEMMSEQDGYLAESINKDIEECNKIIEQFIDYLR
989,LADDRTLLMAGVSHDLRTPLTRIRLATEMMSEQDGYLAESINKDIEECNLIIEQFIDYLR
990,LADDRTLLMAGVSHDLRTPLTRIRLATEMMSEQDGYLAESINKDIEECNMIIEQFIDYLR
991,LADDRTLLMAGVSHDLRTPLTRIRLATEMMSEQDGYLAESINKDIEECNNIIEQFIDYLR
992,LADDRTLLMAGVSHDLRTPLTRIRLATEMMSEQDGYLAESINKDIEECNPIIEQFIDYLR
993,LADDRTLLMAGVSHDLRTPLTRIRLATEMMSEQDGYLAESINKDIEECNQIIEQFIDYLR
994,LADDRTLLMAGVSHDLRTPLTRIRLATEMMSEQDGYLAESINKDIEECNRIIEQFIDYLR
995,LADDRTLLMAGVSHDLRTPLTRIRLATEMMSEQDGYLAESINKDIEECNSIIEQFIDYLR
996,LADDRTLLMAGVSHDLRTPLTRIRLATEMMSEQDGYLAESINKDIEECNTIIEQFIDYLR
997,LADDRTLLMAGVSHDLRTPLTRIRLATEMMSEQDGYLAESINKDIEECNVIIEQFIDYLR
998,LADDRTLLMAGVSHDLRTPLTRIRLATEMMSEQDGYLAESINKDIEECNWIIEQFIDYLR
999,LADDRTLLMAGVSHDLRTPLTRIRLATEMMSEQDGYLAESINKDIEECNYIIEQFIDYLR
1000,LADDRTLLMAGVSHDLRTPLTRIRLATEMMSEQDGYLAESINKDIEECN*IIEQFIDYLR
1001,LADDRTLLMAGVSHDLRTPLTRIRLATEMMSEQDGYLAESINKDIEECNAAIEQFIDYLR
1002,LADDRTLLMAGVSHDLRTPLTRIRLATEMMSEQDGYLAESINKDIEECNACIEQFIDYLR
1003,LADDRTLLMAGVSHDLRTPLTRIRLATEMMSEQDGYLAESINKDIEECNADIEQFIDYLR
1004,LADDRTLLMAGVSHDLRTPLTRIRLATEMMSEQDGYLAESINKDIEECNAEIEQFIDYLR
1005,LADDRTLLMAGVSHDLRTPLTRIRLATEMMSEQDGYLAESINKDIEECNAFIEQFIDYLR
1006,LADDRTLLMAGVSHDLRTPLTRIRLATEMMSEQDGYLAESINKDIEECNAGIEQFIDYLR
1007,LADDRTLLMAGVSHDLRTPLTRIRLATEMMSEQDGYLAESINKDIEECNAHIEQFIDYLR
1008,LADDRTLLMAGVSHDLRTPLTRIRLATEMMSEQDGYLAESINKDIEECNAKIEQFIDYLR
1009,LADDRTLLMAGVSHDLRTPLTRIRLATEMMSEQDGYLAESINKDIEECNALIEQFIDYLR
1010,LADDRTLLMAGVSHDLRTPLTRIRLATEMMSEQDGYLAESINKDIEECNAMIEQFIDYLR
1011,LADDRTLLMAGVSHDLRTPLTRIRLATEMMSEQDGYLAESINKDIEECNANIEQFIDYLR
1012,LADDRTLLMAGVSHDLRTPLTRIRLATEMMSEQDGYLAESINKDIEECNAPIEQFIDYLR
1013,LADDRTLLMAGVSHDLRTPLTRIRLATEMMSEQDGYLAESINKDIEECNAQIEQFIDYLR
1014,LADDRTLLMAGVSHDLRTPLTRIRLATEMMSEQDGYLAESINKDIEECNARIEQFIDYLR
1015,LADDRTLLMAGVSHDLRTPLTRIRLATEMMSEQDGYLAESINKDIEECNASIEQFIDYLR
1016,LADDRTLLMAGVSHDLRTPLTRIRLATEMMSEQDGYLAESINKDIEECNATIEQFIDYLR
1017,LADDRTLLMAGVSHDLRTPLTRIRLATEMMSEQDGYLAESINKDIEECNAVIEQFIDYLR
1018,LADDRTLLMAGVSHDLRTPLTRIRLATEMMSEQDGYLAESINKDIEECNAWIEQFIDYLR
1019,LADDRTLLMAGVSHDLRTPLTRIRLATEMMSEQDGYLAESINKDIEECNAYIEQFIDYLR
1020,LADDRTLLMAGVSHDLRTPLTRIRLATEMMSEQDGYLAESINKDIEECNA*IEQFIDYLR
1021,LADDRTLLMAGVSHDLRTPLTRIRLATEMMSEQDGYLAESINKDIEECNAIAEQFIDYLR
1022,LADDRTLLMAGVSHDLRTPLTRIRLATEMMSEQDGYLAESINKDIEECNAICEQFIDYLR
1023,LADDRTLLMAGVSHDLRTPLTRIRLATEMMSEQDGYLAESINKDIEECNAIDEQFIDYLR
1024,LADDRTLLMAGVSHDLRTPLTRIRLATEMMSEQDGYLAESINKDIEECNAIEEQFIDYLR
1025,LADDRTLLMAGVSHDLRTPLTRIRLATEMMSEQDGYLAESINKDIEECNAIFEQFIDYLR
1026,LADDRTLLMAGVSHDLRTPLTRIRLATEMMSEQDGYLAESINKDIEECNAIGEQFIDYLR
1027,LADDRTLLMAGVSHDLRTPLTRIRLATEMMSEQDGYLAESINKDIEECNAIHEQFIDYLR
1028,LADDRTLLMAGVSHDLRTPLTRIRLATEMMSEQDGYLAESINKDIEECNAIKEQFIDYLR
1029,LADDRTLLMAGVSHDLRTPLTRIRLATEMMSEQDGYLAESINKDIEECNAILEQFIDYLR
1030,LADDRTLLMAGVSHDLRTPLTRIRLATEMMSEQDGYLAESINKDIEECNAIMEQFIDYLR
1031,LADDRTLLMAGVSHDLRTPLTRIRLATEMMSEQDGYLAESINKDIEECNAINEQFIDYLR
1032,LADDRTLLMAGVSHDLRTPLTRIRLATEMMSEQDGYLAESINKDIEECNAIPEQFIDYLR
1033,LADDRTLLMAGVSHDLRTPLTRIRLATEMMSEQDGYLAESINKDIEECNAIQEQFIDYLR
1034,LADDRTLLMAGVSHDLRTPLTRIRLATEMMSEQDGYLAESINKDIEECNAIREQFIDYLR
1035,LADDRTLLMAGVSHDLRTPLTRIRLATEMMSEQDGYLAESINKDIEECNAISEQFIDYLR
1036,LADDRTLLMAGVSHDLRTPLTRIRLATEMMSEQDGYLAESINKDIEECNAITEQFIDYLR
1037,LADDRTLLMAGVSHDLRTPLTRIRLATEMMSEQDGYLAESINKDIEECNAIVEQFIDYLR
1038,LADDRTLLMAGVSHDLRTPLTRIRLATEMMSEQDGYLAESINKDIEECNAIWEQFIDYLR
1039,LADDRTLLMAGVSHDLRTPLTRIRLATEMMSEQDGYLAESINKDIEECNAIYEQFIDYLR
1040,LADDRTLLMAGVSHDLRTPLTRIRLATEMMSEQDGYLAESINKDIEECNAI*EQFIDYLR
1041,LADDRTLLMAGVSHDLRTPLTRIRLATEMMSEQDGYLAESINKDIEECNAIIAQFIDYLR
1042,LADDRTLLMAGVSHDLRTPLTRIRLATEMMSEQDGYLAESINKDIEECNAIICQFIDYLR
1043,LADDRTLLMAGVSHDLRTPLTRIRLATEMMSEQDGYLAESINKDIEECNAIIDQFIDYLR
1044,LADDRTLLMAGVSHDLRTPLTRIRLATEMMSEQDGYLAESINKDIEECNAIIFQFIDYLR
1045,LADDRTLLMAGVSHDLRTPLTRIRLATEMMSEQDGYLAESINKDIEECNAIIGQFIDYLR
1046,LADDRTLLMAGVSHDLRTPLTRIRLATEMMSEQDGYLAESINKDIEECNAIIHQFIDYLR
1047,LADDRTLLMAGVSHDLRTPLTRIRLATEMMSEQDGYLAESINKDIEECNAIIIQFIDYLR
1048,LADDRTLLMAGVSHDLRTPLTRIRLATEMMSEQDGYLAESINKDIEECNAIIKQFIDYLR
1049,LADDRTLLMAGVSHDLRTPLTRIRLATEMMSEQDGYLAESINKDIEECNAIILQFIDYLR
1050,LADDRTLLMAGVSHDLRTPLTRIRLATEMMSEQDGYLAESINKDIEECNAIIMQFIDYLR
1051,LADDRTLLMAGVSHDLRTPLTRIRLATEMMSEQDGYLAESINKDIEECNAIINQFIDYLR
1052,LADDRTLLMAGVSHDLRTPLTRIRLATEMMSEQDGYLAESINKDIEECNAIIPQFIDYLR
1053,LADDRTLLMAGVSHDLRTPLTRIRLATEMMSEQDGYLAESINKDIEECNAIIQQFIDYLR
1054,LADDRTLLMAGVSHDLRTPLTRIRLATEMMSEQDGYLAESINKDIEECNAIIRQFIDYLR
1055,LADDRTLLMAGVSHDLRTPLTRIRLATEMMSEQDGYLAESINKDIEECNAIISQFIDYLR
1056,LADDRTLLMAGVSHDLRTPLTRIRLATEMMSEQDGYLAESINKDIEECNAIITQFIDYLR
1057,LADDRTLLMAGVSHDLRTPLTRIRLATEMMSEQDGYLAESINKDIEECNAIIVQFIDYLR
1058,LADDRTLLMAGVSHDLRTPLTRIRLATEMMSEQDGYLAESINKDIEECNAIIWQFIDYLR
1059,LADDRTLLMAGVSHDLRTPLTRIRLATEMMSEQDGYLAESINKDIEECNAIIYQFIDYLR
1060,LADDRTLLMAGVSHDLRTPLTRIRLATEMMSEQDGYLAESINKDIEECNAII*QFIDYLR
1061,LADDRTLLMAGVSHDLRTPLTRIRLATEMMSEQDGYLAESINKDIEECNAIIEAFIDYLR
1062,LADDRTLLMAGVSHDLRTPLTRIRLATEMMSEQDGYLAESINKDIEECNAIIECFIDYLR
1063,LADDRTLLMAGVSHDLRTPLTRIRLATEMMSEQDGYLAESINKDIEECNAIIEDFIDYLR
1064,LADDRTLLMAGVSHDLRTPLTRIRLATEMMSEQDGYLAESINKDIEECNAIIEEFIDYLR
1065,LADDRTLLMAGVSHDLRTPLTRIRLATEMMSEQDGYLAESINKDIEECNAIIEFFIDYLR
1066,LADDRTLLMAGVSHDLRTPLTRIRLATEMMSEQDGYLAESINKDIEECNAIIEGFIDYLR
1067,LADDRTLLMAGVSHDLRTPLTRIRLATEMMSEQDGYLAESINKDIEECNAIIEHFIDYLR
1068,LADDRTLLMAGVSHDLRTPLTRIRLATEMMSEQDGYLAESINKDIEECNAIIEIFIDYLR
1069,LADDRTLLMAGVSHDLRTPLTRIRLATEMMSEQDGYLAESINKDIEECNAIIEKFIDYLR
1070,LADDRTLLMAGVSHDLRTPLTRIRLATEMMSEQDGYLAESINKDIEECNAIIELFIDYLR
1071,LADDRTLLMAGVSHDLRTPLTRIRLATEMMSEQDGYLAESINKDIEECNAIIEMFIDYLR
1072,LADDRTLLMAGVSHDLRTPLTRIRLATEMMSEQDGYLAESINKDIEECNAIIENFIDYLR
1073,LADDRTLLMAGVSHDLRTPLTRIRLATEMMSEQDGYLAESINKDIEECNAIIEPFIDYLR
1074,LADDRTLLMAGVSHDLRTPLTRIRLATEMMSEQDGYLAESINKDIEECNAIIERFIDYLR
1075,LADDRTLLMAGVSHDLRTPLTRIRLATEMMSEQDGYLAESINKDIEECNAIIESFIDYLR
1076,LADDRTLLMAGVSHDLRTPLTRIRLATEMMSEQDGYLAESINKDIEECNAIIETFIDYLR
1077,LADDRTLLMAGVSHDLRTPLTRIRLATEMMSEQDGYLAESINKDIEECNAIIEVFIDYLR
1078,LADDRTLLMAGVSHDLRTPLTRIRLATEMMSEQDGYLAESINKDIEECNAIIEWFIDYLR
1079,LADDRTLLMAGVSHDLRTPLTRIRLATEMMSEQDGYLAESINKDIEECNAIIEYFIDYLR
1080,LADDRTLLMAGVSHDLRTPLTRIRLATEMMSEQDGYLAESINKDIEECNAIIE*FIDYLR
1081,LADDRTLLMAGVSHDLRTPLTRIRLATEMMSEQDGYLAESINKDIEECNAIIEQAIDYLR
1082,LADDRTLLMAGVSHDLRTPLTRIRLATEMMSEQDGYLAESINKDIEECNAIIEQCIDYLR
1083,LADDRTLLMAGVSHDLRTPLTRIRLATEMMSEQDGYLAESINKDIEECNAIIEQDIDYLR
1084,LADDRTLLMAGVSHDLRTPLTRIRLATEMMSEQDGYLAESINKDIEECNAIIEQEIDYLR
1085,LADDRTLLMAGVSHDLRTPLTRIRLATEMMSEQDGYLAESINKDIEECNAIIEQGIDYLR
1086,LADDRTLLMAGVSHDLRTPLTRIRLATEMMSEQDGYLAESINKDIEECNAIIEQHIDYLR
1087,LADDRTLLMAGVSHDLRTPLTRIRLATEMMSEQDGYLAESINKDIEECNAIIEQIIDYLR
1088,LADDRTLLMAGVSHDLRTPLTRIRLATEMMSEQDGYLAESINKDIEECNAIIEQKIDYLR
1089,LADDRTLLMAGVSHDLRTPLTRIRLATEMMSEQDGYLAESINKDIEECNAIIEQLIDYLR
1090,LADDRTLLMAGVSHDLRTPLTRIRLATEMMSEQDGYLAESINKDIEECNAIIEQMIDYLR
1091,LADDRTLLMAGVSHDLRTPLTRIRLATEMMSEQDGYLAESINKDIEECNAIIEQNIDYLR
1092,LADDRTLLMAGVSHDLRTPLTRIRLATEMMSEQDGYLAESINKDIEECNAIIEQPIDYLR
1093,LADDRTLLMAGVSHDLRTPLTRIRLATEMMSEQDGYLAESINKDIEECNAIIEQQIDYLR
1094,LADDRTLLMAGVSHDLRTPLTRIRLATEMMSEQDGYLAESINKDIEECNAIIEQRIDYLR
1095,LADDRTLLMAGVSHDLRTPLTRIRLATEMMSEQDGYLAESINKDIEECNAIIEQSIDYLR
1096,LADDRTLLMAGVSHDLRTPLTRIRLATEMMSEQDGYLAESINKDIEECNAIIEQTIDYLR
1097,LADDRTLLMAGVSHDLRTPLTRIRLATEMMSEQDGYLAESINKDIEECNAIIEQVIDYLR
1098,LADDRTLLMAGVSHDLRTPLTRIRLATEMMSEQDGYLAESINKDIEECNAIIEQWIDYLR
1099,LADDRTLLMAGVSHDLRTPLTRIRLATEMMSEQDGYLAESINKDIEECNAIIEQYIDYLR
1100,LADDRTLLMAGVSHDLRTPLTRIRLATEMMSEQDGYLAESINKDIEECNAIIEQ*IDYLR
1101,LADDRTLLMAGVSHDLRTPLTRIRLATEMMSEQDGYLAESINKDIEECNAIIEQFADYLR
1102,LADDRTLLMAGVSHDLRTPLTRIRLATEMMSEQDGYLAESINKDIEECNAIIEQFCDYLR
1103,LADDRTLLMAGVSHDLRTPLTRIRLATEMMSEQDGYLAESINKDIEECNAIIEQFDDYLR
1104,LADDRTLLMAGVSHDLRTPLTRIRLATEMMSEQDGYLAESINKDIEECNAIIEQFEDYLR
1105,LADDRTLLMAGVSHDLRTPLTRIRLATEMMSEQDGYLAESINKDIEECNAIIEQFFDYLR
1106,LADDRTLLMAGVSHDLRTPLTRIRLATEMMSEQDGYLAESINKDIEECNAIIEQFGDYLR
1107,LADDRTLLMAGVSHDLRTPLTRIRLATEMMSEQDGYLAESINKDIEECNAIIEQFHDYLR
1108,LADDRTLLMAGVSHDLRTPLTRIRLATEMMSEQDGYLAESINKDIEECNAIIEQFKDYLR
1109,LADDRTLLMAGVSHDLRTPLTRIRLATEMMSEQDGYLAESINKDIEECNAIIEQFLDYLR
1110,LADDRTLLMAGVSHDLRTPLTRIRLATEMMSEQDGYLAESINKDIEECNAIIEQFMDYLR
1111,LADDRTLLMAGVSHDLRTPLTRIRLATEMMSEQDGYLAESINKDIEECNAIIEQFNDYLR
1112,LADDRTLLMAGVSHDLRTPLTRIRLATEMMSEQDGYLAESINKDIEECNAIIEQFPDYLR
1113,LADDRTLLMAGVSHDLRTPLTRIRLATEMMSEQDGYLAESINKDIEECNAIIEQFQDYLR
1114,LADDRTLLMAGVSHDLRTPLTRIRLATEMMSEQDGYLAESINKDIEECNAIIEQFRDYLR
1115,LADDRTLLMAGVSHDLRTPLTRIRLATEMMSEQDGYLAESINKDIEECNAIIEQFSDYLR
1116,LADDRTLLMAGVSHDLRTPLTRIRLATEMMSEQDGYLAESINKDIEECNAIIEQFTDYLR
1117,LADDRTLLMAGVSHDLRTPLTRIRLATEMMSEQDGYLAESINKDIEECNAIIEQFVDYLR
1118,LADDRTLLMAGVSHDLRTPLTRIRLATEMMSEQDGYLAESINKDIEECNAIIEQFWDYLR
1119,LADDRTLLMAGVSHDLRTPLTRIRLATEMMSEQDGYLAESINKDIEECNAIIEQFYDYLR
1120,LADDRTLLMAGVSHDLRTPLTRIRLATEMMSEQDGYLAESINKDIEECNAIIEQF*DYLR
1121,LADDRTLLMAGVSHDLRTPLTRIRLATEMMSEQDGYLAESINKDIEECNAIIEQFIAYLR
1122,LADDRTLLMAGVSHDLRTPLTRIRLATEMMSEQDGYLAESINKDIEECNAIIEQFICYLR
1123,LADDRTLLMAGVSHDLRTPLTRIRLATEMMSEQDGYLAESINKDIEECNAIIEQFIEYLR
1124,LADDRTLLMAGVSHDLRTPLTRIRLATEMMSEQDGYLAESINKDIEECNAIIEQFIFYLR
1125,LADDRTLLMAGVSHDLRTPLTRIRLATEMMSEQDGYLAESINKDIEECNAIIEQFIGYLR
1126,LADDRTLLMAGVSHDLRTPLTRIRLATEMMSEQDGYLAESINKDIEECNAIIEQFIHYLR
1127,LADDRTLLMAGVSHDLRTPLTRIRLATEMMSEQDGYLAESINKDIEECNAIIEQFIIYLR
1128,LADDRTLLMAGVSHDLRTPLTRIRLATEMMSEQDGYLAESINKDIEECNAIIEQFIKYLR
1129,LADDRTLLMAGVSHDLRTPLTRIRLATEMMSEQDGYLAESINKDIEECNAIIEQFILYLR
1130,LADDRTLLMAGVSHDLRTPLTRIRLATEMMSEQDGYLAESINKDIEECNAIIEQFIMYLR
1131,LADDRTLLMAGVSHDLRTPLTRIRLATEMMSEQDGYLAESINKDIEECNAIIEQFINYLR
1132,LADDRTLLMAGVSHDLRTPLTRIRLATEMMSEQDGYLAESINKDIEECNAIIEQFIPYLR
1133,LADDRTLLMAGVSHDLRTPLTRIRLATEMMSEQDGYLAESINKDIEECNAIIEQFIQYLR
1134,LADDRTLLMAGVSHDLRTPLTRIRLATEMMSEQDGYLAESINKDIEECNAIIEQFIRYLR
1135,LADDRTLLMAGVSHDLRTPLTRIRLATEMMSEQDGYLAESINKDIEECNAIIEQFISYLR
1136,LADDRTLLMAGVSHDLRTPLTRIRLATEMMSEQDGYLAESINKDIEECNAIIEQFITYLR
1137,LADDRTLLMAGVSHDLRTPLTRIRLATEMMSEQDGYLAESINKDIEECNAIIEQFIVYLR
1138,LADDRTLLMAGVSHDLRTPLTRIRLATEMMSEQDGYLAESINKDIEECNAIIEQFIWYLR
1139,LADDRTLLMAGVSHDLRTPLTRIRLATEMMSEQDGYLAESINKDIEECNAIIEQFIYYLR
1140,LADDRTLLMAGVSHDLRTPLTRIRLATEMMSEQDGYLAESINKDIEECNAIIEQFI*YLR
1141,LADDRTLLMAGVSHDLRTPLTRIRLATEMMSEQDGYLAESINKDIEECNAIIEQFIDALR
1142,LADDRTLLMAGVSHDLRTPLTRIRLATEMMSEQDGYLAESINKDIEECNAIIEQFIDCLR
1143,LADDRTLLMAGVSHDLRTPLTRIRLATEMMSEQDGYLAESINKDIEECNAIIEQFIDDLR
1144,LADDRTLLMAGVSHDLRTPLTRIRLATEMMSEQDGYLAESINKDIEECNAIIEQFIDELR
1145,LADDRTLLMAGVSHDLRTPLTRIRLATEMMSEQDGYLAESINKDIEECNAIIEQFIDFLR
1146,LADDRTLLMAGVSHDLRTPLTRIRLATEMMSEQDGYLAESINKDIEECNAIIEQFIDGLR
1147,LADDRTLLMAGVSHDLRTPLTRIRLATEMMSEQDGYLAESINKDIEECNAIIEQFIDHLR
1148,LADDRTLLMAGVSHDLRTPLTRIRLATEMMSEQDGYLAESINKDIEECNAIIEQFIDILR
1149,LADDRTLLMAGVSHDLRTPLTRIRLATEMMSEQDGYLAESINKDIEECNAIIEQFIDKLR
1150,LADDRTLLMAGVSHDLRTPLTRIRLATEMMSEQDGYLAESINKDIEECNAIIEQFIDLLR
1151,LADDRTLLMAGVSHDLRTPLTRIRLATEMMSEQDGYLAESINKDIEECNAIIEQFIDMLR
1152,LADDRTLLMAGVSHDLRTPLTRIRLATEMMSEQDGYLAESINKDIEECNAIIEQFIDNLR
1153,LADDRTLLMAGVSHDLRTPLTRIRLATEMMSEQDGYLAESINKDIEECNAIIEQFIDPLR
1154,LADDRTLLMAGVSHDLRTPLTRIRLATEMMSEQDGYLAESINKDIEECNAIIEQFIDQLR
1155,LADDRTLLMAGVSHDLRTPLTRIRLATEMMSEQDGYLAESINKDIEECNAIIEQFIDRLR
1156,LADDRTLLMAGVSHDLRTPLTRIRLATEMMSEQDGYLAESINKDIEECNAIIEQFIDSLR
1157,LADDRTLLMAGVSHDLRTPLTRIRLATEMMSEQDGYLAESINKDIEECNAIIEQFIDTLR
1158,LADDRTLLMAGVSHDLRTPLTRIRLATEMMSEQDGYLAESINKDIEECNAIIEQFIDVLR
1159,LADDRTLLMAGVSHDLRTPLTRIRLATEMMSEQDGYLAESINKDIEECNAIIEQFIDWLR
1160,LADDRTLLMAGVSHDLRTPLTRIRLATEMMSEQDGYLAESINKDIEECNAIIEQFID*LR
1161,LADDRTLLMAGVSHDLRTPLTRIRLATEMMSEQDGYLAESINKDIEECNAIIEQFIDYAR
1162,LADDRTLLMAGVSHDLRTPLTRIRLATEMMSEQDGYLAESINKDIEECNAIIEQFIDYCR
1163,LADDRTLLMAGVSHDLRTPLTRIRLATEMMSEQDGYLAESINKDIEECNAIIEQFIDYDR
1164,LADDRTLLMAGVSHDLRTPLTRIRLATEMMSEQDGYLAESINKDIEECNAIIEQFIDYER
1165,LADDRTLLMAGVSHDLRTPLTRIRLATEMMSEQDGYLAESINKDIEECNAIIEQFIDYFR
1166,LADDRTLLMAGVSHDLRTPLTRIRLATEMMSEQDGYLAESINKDIEECNAIIEQFIDYGR
1167,LADDRTLLMAGVSHDLRTPLTRIRLATEMMSEQDGYLAESINKDIEECNAIIEQFIDYHR
1168,LADDRTLLMAGVSHDLRTPLTRIRLATEMMSEQDGYLAESINKDIEECNAIIEQFIDYIR
1169,LADDRTLLMAGVSHDLRTPLTRIRLATEMMSEQDGYLAESINKDIEECNAIIEQFIDYKR
1170,LADDRTLLMAGVSHDLRTPLTRIRLATEMMSEQDGYLAESINKDIEECNAIIEQFIDYMR
1171,LADDRTLLMAGVSHDLRTPLTRIRLATEMMSEQDGYLAESINKDIEECNAIIEQFIDYNR
1172,LADDRTLLMAGVSHDLRTPLTRIRLATEMMSEQDGYLAESINKDIEECNAIIEQFIDYPR
1173,LADDRTLLMAGVSHDLRTPLTRIRLATEMMSEQDGYLAESINKDIEECNAIIEQFIDYQR
1174,LADDRTLLMAGVSHDLRTPLTRIRLATEMMSEQDGYLAESINKDIEECNAIIEQFIDYRR
1175,LADDRTLLMAGVSHDLRTPLTRIRLATEMMSEQDGYLAESINKDIEECNAIIEQFIDYSR
1176,LADDRTLLMAGVSHDLRTPLTRIRLATEMMSEQDGYLAESINKDIEECNAIIEQFIDYTR
1177,LADDRTLLMAGVSHDLRTPLTRIRLATEMMSEQDGYLAESINKDIEECNAIIEQFIDYVR
1178,LADDRTLLMAGVSHDLRTPLTRIRLATEMMSEQDGYLAESINKDIEECNAIIEQFIDYWR
1179,LADDRTLLMAGVSHDLRTPLTRIRLATEMMSEQDGYLAESINKDIEECNAIIEQFIDYYR
1180,LADDRTLLMAGVSHDLRTPLTRIRLATEMMSEQDGYLAESINKDIEECNAIIEQFIDY*R
1181,LADDRTLLMAGVSHDLRTPLTRIRLATEMMSEQDGYLAESINKDIEECNAIIEQFIDYLA
1182,LADDRTLLMAGVSHDLRTPLTRIRLATEMMSEQDGYLAESINKDIEECNAIIEQFIDYLC
1183,LADDRTLLMAGVSHDLRTPLTRIRLATEMMSEQDGYLAESINKDIEECNAIIEQFIDYLD
1184,LADDRTLLMAGVSHDLRTPLTRIRLATEMMSEQDGYLAESINKDIEECNAIIEQFIDYLE
1185,LADDRTLLMAGVSHDLRTPLTRIRLATEMMSEQDGYLAESINKDIEECNAIIEQFIDYLF
1186,LADDRTLLMAGVSHDLRTPLTRIRLATEMMSEQDGYLAESINKDIEECNAIIEQFIDYLG
1187,LADDRTLLMAGVSHDLRTPLTRIRLATEMMSEQDGYLAESINKDIEECNAIIEQFIDYLH
1188,LADDRTLLMAGVSHDLRTPLTRIRLATEMMSEQDGYLAESINKDIEECNAIIEQFIDYLI
1189,LADDRTLLMAGVSHDLRTPLTRIRLATEMMSEQDGYLAESINKDIEECNAIIEQFIDYLK
1190,LADDRTLLMAGVSHDLRTPLTRIRLATEMMSEQDGYLAESINKDIEECNAIIEQFIDYLL
1191,LADDRTLLMAGVSHDLRTPLTRIRLATEMMSEQDGYLAESINKDIEECNAIIEQFIDYLM
1192,LADDRTLLMAGVSHDLRTPLTRIRLATEMMSEQDGYLAESINKDIEECNAIIEQFIDYLN
1193,LADDRTLLMAGVSHDLRTPLTRIRLATEMMSEQDGYLAESINKDIEECNAIIEQFIDYLP
1194,LADDRTLLMAGVSHDLRTPLTRIRLATEMMSEQDGYLAESINKDIEECNAIIEQFIDYLQ
1195,LADDRTLLMAGVSHDLRTPLTRIRLATEMMSEQDGYLAESINKDIEECNAIIEQFIDYLS
1196,LADDRTLLMAGVSHDLRTPLTRIRLATEMMSEQDGYLAESINKDIEECNAIIEQFIDYLT
1197,LADDRTLLMAGVSHDLRTPLTRIRLATEMMSEQDGYLAESINKDIEECNAIIEQFIDYLV
1198,LADDRTLLMAGVSHDLRTPLTRIRLATEMMSEQDGYLAESINKDIEECNAIIEQFIDYLW
1199,LADDRTLLMAGVSHDLRTPLTRIRLATEMMSEQDGYLAESINKDIEECNAIIEQFIDYLY
1200,LADDRTLLMAGVSHDLRTPLTRIRLATEMMSEQDGYLAESINKDIEECNAIIEQFIDYL*